--
-- PostgreSQL database dump
--

-- Dumped from database version 14.5 (Ubuntu 14.5-0ubuntu0.22.04.1)
-- Dumped by pg_dump version 14.5 (Ubuntu 14.5-0ubuntu0.22.04.1)

SET statement_timeout = 0;
SET lock_timeout = 0;
SET idle_in_transaction_session_timeout = 0;
SET client_encoding = 'UTF8';
SET standard_conforming_strings = on;
SELECT pg_catalog.set_config('search_path', '', false);
SET check_function_bodies = false;
SET xmloption = content;
SET client_min_messages = warning;
SET row_security = off;

SET default_tablespace = '';

SET default_table_access_method = heap;

--
-- Name: auth_group; Type: TABLE; Schema: public; Owner: postgres
--

CREATE TABLE public.auth_group (
    id integer NOT NULL,
    name character varying(150) NOT NULL
);


ALTER TABLE public.auth_group OWNER TO postgres;

--
-- Name: auth_group_id_seq; Type: SEQUENCE; Schema: public; Owner: postgres
--

ALTER TABLE public.auth_group ALTER COLUMN id ADD GENERATED BY DEFAULT AS IDENTITY (
    SEQUENCE NAME public.auth_group_id_seq
    START WITH 1
    INCREMENT BY 1
    NO MINVALUE
    NO MAXVALUE
    CACHE 1
);


--
-- Name: auth_group_permissions; Type: TABLE; Schema: public; Owner: postgres
--

CREATE TABLE public.auth_group_permissions (
    id bigint NOT NULL,
    group_id integer NOT NULL,
    permission_id integer NOT NULL
);


ALTER TABLE public.auth_group_permissions OWNER TO postgres;

--
-- Name: auth_group_permissions_id_seq; Type: SEQUENCE; Schema: public; Owner: postgres
--

ALTER TABLE public.auth_group_permissions ALTER COLUMN id ADD GENERATED BY DEFAULT AS IDENTITY (
    SEQUENCE NAME public.auth_group_permissions_id_seq
    START WITH 1
    INCREMENT BY 1
    NO MINVALUE
    NO MAXVALUE
    CACHE 1
);


--
-- Name: auth_permission; Type: TABLE; Schema: public; Owner: postgres
--

CREATE TABLE public.auth_permission (
    id integer NOT NULL,
    name character varying(255) NOT NULL,
    content_type_id integer NOT NULL,
    codename character varying(100) NOT NULL
);


ALTER TABLE public.auth_permission OWNER TO postgres;

--
-- Name: auth_permission_id_seq; Type: SEQUENCE; Schema: public; Owner: postgres
--

ALTER TABLE public.auth_permission ALTER COLUMN id ADD GENERATED BY DEFAULT AS IDENTITY (
    SEQUENCE NAME public.auth_permission_id_seq
    START WITH 1
    INCREMENT BY 1
    NO MINVALUE
    NO MAXVALUE
    CACHE 1
);


--
-- Name: custom_dashboard_batchuploadresult; Type: TABLE; Schema: public; Owner: postgres
--

CREATE TABLE public.custom_dashboard_batchuploadresult (
    id bigint NOT NULL,
    sort_order integer,
    certificates character varying(50) NOT NULL,
    data jsonb NOT NULL,
    batch_file_id bigint,
    date character varying(120),
    collection_id integer
);


ALTER TABLE public.custom_dashboard_batchuploadresult OWNER TO postgres;

--
-- Name: custom_dashboard_batchuploadresult_id_seq; Type: SEQUENCE; Schema: public; Owner: postgres
--

ALTER TABLE public.custom_dashboard_batchuploadresult ALTER COLUMN id ADD GENERATED BY DEFAULT AS IDENTITY (
    SEQUENCE NAME public.custom_dashboard_batchuploadresult_id_seq
    START WITH 1
    INCREMENT BY 1
    NO MINVALUE
    NO MAXVALUE
    CACHE 1
);


--
-- Name: custom_dashboard_batchuploadresult_students; Type: TABLE; Schema: public; Owner: postgres
--

CREATE TABLE public.custom_dashboard_batchuploadresult_students (
    id bigint NOT NULL,
    batchuploadresult_id bigint NOT NULL,
    customuser_id bigint NOT NULL
);


ALTER TABLE public.custom_dashboard_batchuploadresult_students OWNER TO postgres;

--
-- Name: custom_dashboard_batchuploadresult_students_id_seq; Type: SEQUENCE; Schema: public; Owner: postgres
--

ALTER TABLE public.custom_dashboard_batchuploadresult_students ALTER COLUMN id ADD GENERATED BY DEFAULT AS IDENTITY (
    SEQUENCE NAME public.custom_dashboard_batchuploadresult_students_id_seq
    START WITH 1
    INCREMENT BY 1
    NO MINVALUE
    NO MAXVALUE
    CACHE 1
);


--
-- Name: custom_dashboard_studentrecords; Type: TABLE; Schema: public; Owner: postgres
--

CREATE TABLE public.custom_dashboard_studentrecords (
    id bigint NOT NULL,
    created_at timestamp with time zone,
    assigned_controller_id bigint,
    assigned_pr_id bigint,
    institute_id bigint,
    sort_order integer,
    active boolean NOT NULL,
    approve_at timestamp with time zone,
    comment text,
    link_document_id bigint,
    name character varying(200),
    status character varying(50) NOT NULL,
    data jsonb NOT NULL,
    "timestamp" timestamp with time zone NOT NULL,
    updated_by_id bigint,
    publish boolean NOT NULL,
    batch_year_id bigint
);


ALTER TABLE public.custom_dashboard_studentrecords OWNER TO postgres;

--
-- Name: custom_dashboard_studentrecords_id_seq; Type: SEQUENCE; Schema: public; Owner: postgres
--

ALTER TABLE public.custom_dashboard_studentrecords ALTER COLUMN id ADD GENERATED BY DEFAULT AS IDENTITY (
    SEQUENCE NAME public.custom_dashboard_studentrecords_id_seq
    START WITH 1
    INCREMENT BY 1
    NO MINVALUE
    NO MAXVALUE
    CACHE 1
);


--
-- Name: departments_batch; Type: TABLE; Schema: public; Owner: postgres
--

CREATE TABLE public.departments_batch (
    id bigint NOT NULL,
    sort_order integer,
    name character varying(120),
    custom_id character varying(60),
    created_at timestamp with time zone,
    active boolean NOT NULL,
    department_id bigint,
    assigned_faculty_member_id bigint,
    degree_id bigint,
    suffix character varying(3),
    collection_id integer
);


ALTER TABLE public.departments_batch OWNER TO postgres;

--
-- Name: departments_batch_id_seq; Type: SEQUENCE; Schema: public; Owner: postgres
--

ALTER TABLE public.departments_batch ALTER COLUMN id ADD GENERATED BY DEFAULT AS IDENTITY (
    SEQUENCE NAME public.departments_batch_id_seq
    START WITH 1
    INCREMENT BY 1
    NO MINVALUE
    NO MAXVALUE
    CACHE 1
);


--
-- Name: departments_batchyear; Type: TABLE; Schema: public; Owner: postgres
--

CREATE TABLE public.departments_batchyear (
    id bigint NOT NULL,
    sort_order integer,
    year_from integer NOT NULL,
    year_to integer NOT NULL,
    assigned_faculty_member_id bigint,
    batch_id bigint,
    collection_id integer
);


ALTER TABLE public.departments_batchyear OWNER TO postgres;

--
-- Name: departments_batchyear_id_seq; Type: SEQUENCE; Schema: public; Owner: postgres
--

ALTER TABLE public.departments_batchyear ALTER COLUMN id ADD GENERATED BY DEFAULT AS IDENTITY (
    SEQUENCE NAME public.departments_batchyear_id_seq
    START WITH 1
    INCREMENT BY 1
    NO MINVALUE
    NO MAXVALUE
    CACHE 1
);


--
-- Name: departments_batchyear_students; Type: TABLE; Schema: public; Owner: postgres
--

CREATE TABLE public.departments_batchyear_students (
    id bigint NOT NULL,
    batchyear_id bigint NOT NULL,
    customuser_id bigint NOT NULL
);


ALTER TABLE public.departments_batchyear_students OWNER TO postgres;

--
-- Name: departments_batchyear_students_id_seq; Type: SEQUENCE; Schema: public; Owner: postgres
--

ALTER TABLE public.departments_batchyear_students ALTER COLUMN id ADD GENERATED BY DEFAULT AS IDENTITY (
    SEQUENCE NAME public.departments_batchyear_students_id_seq
    START WITH 1
    INCREMENT BY 1
    NO MINVALUE
    NO MAXVALUE
    CACHE 1
);


--
-- Name: departments_department; Type: TABLE; Schema: public; Owner: postgres
--

CREATE TABLE public.departments_department (
    id bigint NOT NULL,
    sort_order integer,
    name character varying(120),
    custom_id character varying(2),
    code character varying(3),
    created_at timestamp with time zone,
    active boolean NOT NULL,
    institute_id bigint,
    alternative_name character varying(120),
    collection_id integer
);


ALTER TABLE public.departments_department OWNER TO postgres;

--
-- Name: departments_department_id_seq; Type: SEQUENCE; Schema: public; Owner: postgres
--

ALTER TABLE public.departments_department ALTER COLUMN id ADD GENERATED BY DEFAULT AS IDENTITY (
    SEQUENCE NAME public.departments_department_id_seq
    START WITH 1
    INCREMENT BY 1
    NO MINVALUE
    NO MAXVALUE
    CACHE 1
);


--
-- Name: django_admin_log; Type: TABLE; Schema: public; Owner: postgres
--

CREATE TABLE public.django_admin_log (
    id integer NOT NULL,
    action_time timestamp with time zone NOT NULL,
    object_id text,
    object_repr character varying(200) NOT NULL,
    action_flag smallint NOT NULL,
    change_message text NOT NULL,
    content_type_id integer,
    user_id bigint NOT NULL,
    CONSTRAINT django_admin_log_action_flag_check CHECK ((action_flag >= 0))
);


ALTER TABLE public.django_admin_log OWNER TO postgres;

--
-- Name: django_admin_log_id_seq; Type: SEQUENCE; Schema: public; Owner: postgres
--

ALTER TABLE public.django_admin_log ALTER COLUMN id ADD GENERATED BY DEFAULT AS IDENTITY (
    SEQUENCE NAME public.django_admin_log_id_seq
    START WITH 1
    INCREMENT BY 1
    NO MINVALUE
    NO MAXVALUE
    CACHE 1
);


--
-- Name: django_content_type; Type: TABLE; Schema: public; Owner: postgres
--

CREATE TABLE public.django_content_type (
    id integer NOT NULL,
    app_label character varying(100) NOT NULL,
    model character varying(100) NOT NULL
);


ALTER TABLE public.django_content_type OWNER TO postgres;

--
-- Name: django_content_type_id_seq; Type: SEQUENCE; Schema: public; Owner: postgres
--

ALTER TABLE public.django_content_type ALTER COLUMN id ADD GENERATED BY DEFAULT AS IDENTITY (
    SEQUENCE NAME public.django_content_type_id_seq
    START WITH 1
    INCREMENT BY 1
    NO MINVALUE
    NO MAXVALUE
    CACHE 1
);


--
-- Name: django_migrations; Type: TABLE; Schema: public; Owner: postgres
--

CREATE TABLE public.django_migrations (
    id bigint NOT NULL,
    app character varying(255) NOT NULL,
    name character varying(255) NOT NULL,
    applied timestamp with time zone NOT NULL
);


ALTER TABLE public.django_migrations OWNER TO postgres;

--
-- Name: django_migrations_id_seq; Type: SEQUENCE; Schema: public; Owner: postgres
--

ALTER TABLE public.django_migrations ALTER COLUMN id ADD GENERATED BY DEFAULT AS IDENTITY (
    SEQUENCE NAME public.django_migrations_id_seq
    START WITH 1
    INCREMENT BY 1
    NO MINVALUE
    NO MAXVALUE
    CACHE 1
);


--
-- Name: django_session; Type: TABLE; Schema: public; Owner: postgres
--

CREATE TABLE public.django_session (
    session_key character varying(40) NOT NULL,
    session_data text NOT NULL,
    expire_date timestamp with time zone NOT NULL
);


ALTER TABLE public.django_session OWNER TO postgres;

--
-- Name: institutes_customdocument; Type: TABLE; Schema: public; Owner: postgres
--

CREATE TABLE public.institutes_customdocument (
    id bigint NOT NULL,
    title character varying(255) NOT NULL,
    file character varying(100) NOT NULL,
    created_at timestamp with time zone NOT NULL,
    file_size integer,
    file_hash character varying(40) NOT NULL,
    collection_id integer NOT NULL,
    institute_id bigint,
    uploaded_by_user_id bigint,
    data jsonb,
    batch_id bigint,
    department_id bigint,
    prev_hash character varying(40),
    CONSTRAINT institutes_customdocument_file_size_check CHECK ((file_size >= 0))
);


ALTER TABLE public.institutes_customdocument OWNER TO postgres;

--
-- Name: institutes_customdocument_id_seq; Type: SEQUENCE; Schema: public; Owner: postgres
--

ALTER TABLE public.institutes_customdocument ALTER COLUMN id ADD GENERATED BY DEFAULT AS IDENTITY (
    SEQUENCE NAME public.institutes_customdocument_id_seq
    START WITH 1
    INCREMENT BY 1
    NO MINVALUE
    NO MAXVALUE
    CACHE 1
);


--
-- Name: institutes_degree; Type: TABLE; Schema: public; Owner: postgres
--

CREATE TABLE public.institutes_degree (
    id bigint NOT NULL,
    sort_order integer,
    name character varying(120),
    custom_id character varying(2),
    code character varying(3),
    created_at timestamp with time zone,
    active boolean NOT NULL,
    institute_id bigint
);


ALTER TABLE public.institutes_degree OWNER TO postgres;

--
-- Name: institutes_degree_id_seq; Type: SEQUENCE; Schema: public; Owner: postgres
--

ALTER TABLE public.institutes_degree ALTER COLUMN id ADD GENERATED BY DEFAULT AS IDENTITY (
    SEQUENCE NAME public.institutes_degree_id_seq
    START WITH 1
    INCREMENT BY 1
    NO MINVALUE
    NO MAXVALUE
    CACHE 1
);


--
-- Name: institutes_institute; Type: TABLE; Schema: public; Owner: postgres
--

CREATE TABLE public.institutes_institute (
    id bigint NOT NULL,
    sort_order integer,
    name character varying(120),
    custom_id character varying(2),
    code character varying(3),
    created_at timestamp with time zone,
    active boolean NOT NULL,
    collection_id integer
);


ALTER TABLE public.institutes_institute OWNER TO postgres;

--
-- Name: institutes_institute_id_seq; Type: SEQUENCE; Schema: public; Owner: postgres
--

ALTER TABLE public.institutes_institute ALTER COLUMN id ADD GENERATED BY DEFAULT AS IDENTITY (
    SEQUENCE NAME public.institutes_institute_id_seq
    START WITH 1
    INCREMENT BY 1
    NO MINVALUE
    NO MAXVALUE
    CACHE 1
);


--
-- Name: institutes_institutecollections; Type: TABLE; Schema: public; Owner: postgres
--

CREATE TABLE public.institutes_institutecollections (
    id bigint NOT NULL,
    institute_id bigint NOT NULL
);


ALTER TABLE public.institutes_institutecollections OWNER TO postgres;

--
-- Name: institutes_institutecollections_collection; Type: TABLE; Schema: public; Owner: postgres
--

CREATE TABLE public.institutes_institutecollections_collection (
    id bigint NOT NULL,
    institutecollections_id bigint NOT NULL,
    collection_id integer NOT NULL
);


ALTER TABLE public.institutes_institutecollections_collection OWNER TO postgres;

--
-- Name: institutes_institutecollections_collection_id_seq; Type: SEQUENCE; Schema: public; Owner: postgres
--

ALTER TABLE public.institutes_institutecollections_collection ALTER COLUMN id ADD GENERATED BY DEFAULT AS IDENTITY (
    SEQUENCE NAME public.institutes_institutecollections_collection_id_seq
    START WITH 1
    INCREMENT BY 1
    NO MINVALUE
    NO MAXVALUE
    CACHE 1
);


--
-- Name: institutes_institutecollections_id_seq; Type: SEQUENCE; Schema: public; Owner: postgres
--

ALTER TABLE public.institutes_institutecollections ALTER COLUMN id ADD GENERATED BY DEFAULT AS IDENTITY (
    SEQUENCE NAME public.institutes_institutecollections_id_seq
    START WITH 1
    INCREMENT BY 1
    NO MINVALUE
    NO MAXVALUE
    CACHE 1
);


--
-- Name: students_studenthomepage; Type: TABLE; Schema: public; Owner: postgres
--

CREATE TABLE public.students_studenthomepage (
    page_ptr_id integer NOT NULL,
    welcome_title text,
    announcement text,
    logo_id integer,
    institute_id bigint
);


ALTER TABLE public.students_studenthomepage OWNER TO postgres;

--
-- Name: students_studenthomepageroute; Type: TABLE; Schema: public; Owner: postgres
--

CREATE TABLE public.students_studenthomepageroute (
    page_ptr_id integer NOT NULL
);


ALTER TABLE public.students_studenthomepageroute OWNER TO postgres;

--
-- Name: students_studentprofile; Type: TABLE; Schema: public; Owner: postgres
--

CREATE TABLE public.students_studentprofile (
    id bigint NOT NULL,
    user_id bigint NOT NULL
);


ALTER TABLE public.students_studentprofile OWNER TO postgres;

--
-- Name: students_studentprofile_id_seq; Type: SEQUENCE; Schema: public; Owner: postgres
--

ALTER TABLE public.students_studentprofile ALTER COLUMN id ADD GENERATED BY DEFAULT AS IDENTITY (
    SEQUENCE NAME public.students_studentprofile_id_seq
    START WITH 1
    INCREMENT BY 1
    NO MINVALUE
    NO MAXVALUE
    CACHE 1
);


--
-- Name: students_studentrecord; Type: TABLE; Schema: public; Owner: postgres
--

CREATE TABLE public.students_studentrecord (
    id bigint NOT NULL,
    sort_order integer,
    publish boolean NOT NULL,
    data jsonb NOT NULL,
    created_at timestamp with time zone NOT NULL,
    updated_at timestamp with time zone NOT NULL,
    record_id bigint NOT NULL,
    result_id bigint,
    student_id bigint
);


ALTER TABLE public.students_studentrecord OWNER TO postgres;

--
-- Name: students_studentrecord_id_seq; Type: SEQUENCE; Schema: public; Owner: postgres
--

ALTER TABLE public.students_studentrecord ALTER COLUMN id ADD GENERATED BY DEFAULT AS IDENTITY (
    SEQUENCE NAME public.students_studentrecord_id_seq
    START WITH 1
    INCREMENT BY 1
    NO MINVALUE
    NO MAXVALUE
    CACHE 1
);


--
-- Name: taggit_tag; Type: TABLE; Schema: public; Owner: postgres
--

CREATE TABLE public.taggit_tag (
    id integer NOT NULL,
    name character varying(100) NOT NULL,
    slug character varying(100) NOT NULL
);


ALTER TABLE public.taggit_tag OWNER TO postgres;

--
-- Name: taggit_tag_id_seq; Type: SEQUENCE; Schema: public; Owner: postgres
--

ALTER TABLE public.taggit_tag ALTER COLUMN id ADD GENERATED BY DEFAULT AS IDENTITY (
    SEQUENCE NAME public.taggit_tag_id_seq
    START WITH 1
    INCREMENT BY 1
    NO MINVALUE
    NO MAXVALUE
    CACHE 1
);


--
-- Name: taggit_taggeditem; Type: TABLE; Schema: public; Owner: postgres
--

CREATE TABLE public.taggit_taggeditem (
    id integer NOT NULL,
    object_id integer NOT NULL,
    content_type_id integer NOT NULL,
    tag_id integer NOT NULL
);


ALTER TABLE public.taggit_taggeditem OWNER TO postgres;

--
-- Name: taggit_taggeditem_id_seq; Type: SEQUENCE; Schema: public; Owner: postgres
--

ALTER TABLE public.taggit_taggeditem ALTER COLUMN id ADD GENERATED BY DEFAULT AS IDENTITY (
    SEQUENCE NAME public.taggit_taggeditem_id_seq
    START WITH 1
    INCREMENT BY 1
    NO MINVALUE
    NO MAXVALUE
    CACHE 1
);


--
-- Name: users_customgroup; Type: TABLE; Schema: public; Owner: postgres
--

CREATE TABLE public.users_customgroup (
    id bigint NOT NULL,
    role_id integer
);


ALTER TABLE public.users_customgroup OWNER TO postgres;

--
-- Name: users_customgroup_id_seq; Type: SEQUENCE; Schema: public; Owner: postgres
--

ALTER TABLE public.users_customgroup ALTER COLUMN id ADD GENERATED BY DEFAULT AS IDENTITY (
    SEQUENCE NAME public.users_customgroup_id_seq
    START WITH 1
    INCREMENT BY 1
    NO MINVALUE
    NO MAXVALUE
    CACHE 1
);


--
-- Name: users_customgroup_roles; Type: TABLE; Schema: public; Owner: postgres
--

CREATE TABLE public.users_customgroup_roles (
    id bigint NOT NULL,
    customgroup_id bigint NOT NULL,
    group_id integer NOT NULL
);


ALTER TABLE public.users_customgroup_roles OWNER TO postgres;

--
-- Name: users_customgroup_roles_id_seq; Type: SEQUENCE; Schema: public; Owner: postgres
--

ALTER TABLE public.users_customgroup_roles ALTER COLUMN id ADD GENERATED BY DEFAULT AS IDENTITY (
    SEQUENCE NAME public.users_customgroup_roles_id_seq
    START WITH 1
    INCREMENT BY 1
    NO MINVALUE
    NO MAXVALUE
    CACHE 1
);


--
-- Name: users_customuser; Type: TABLE; Schema: public; Owner: postgres
--

CREATE TABLE public.users_customuser (
    id bigint NOT NULL,
    password character varying(128) NOT NULL,
    last_login timestamp with time zone,
    is_superuser boolean NOT NULL,
    username character varying(150) NOT NULL,
    first_name character varying(150) NOT NULL,
    last_name character varying(150) NOT NULL,
    email character varying(254) NOT NULL,
    is_staff boolean NOT NULL,
    is_active boolean NOT NULL,
    date_joined timestamp with time zone NOT NULL,
    department_id bigint,
    institute_id bigint,
    suffix character varying(3),
    role_id integer,
    metadata jsonb,
    batch_id bigint,
    degree_id bigint
);


ALTER TABLE public.users_customuser OWNER TO postgres;

--
-- Name: users_customuser_groups; Type: TABLE; Schema: public; Owner: postgres
--

CREATE TABLE public.users_customuser_groups (
    id bigint NOT NULL,
    customuser_id bigint NOT NULL,
    group_id integer NOT NULL
);


ALTER TABLE public.users_customuser_groups OWNER TO postgres;

--
-- Name: users_customuser_groups_id_seq; Type: SEQUENCE; Schema: public; Owner: postgres
--

ALTER TABLE public.users_customuser_groups ALTER COLUMN id ADD GENERATED BY DEFAULT AS IDENTITY (
    SEQUENCE NAME public.users_customuser_groups_id_seq
    START WITH 1
    INCREMENT BY 1
    NO MINVALUE
    NO MAXVALUE
    CACHE 1
);


--
-- Name: users_customuser_id_seq; Type: SEQUENCE; Schema: public; Owner: postgres
--

ALTER TABLE public.users_customuser ALTER COLUMN id ADD GENERATED BY DEFAULT AS IDENTITY (
    SEQUENCE NAME public.users_customuser_id_seq
    START WITH 1
    INCREMENT BY 1
    NO MINVALUE
    NO MAXVALUE
    CACHE 1
);


--
-- Name: users_customuser_user_permissions; Type: TABLE; Schema: public; Owner: postgres
--

CREATE TABLE public.users_customuser_user_permissions (
    id bigint NOT NULL,
    customuser_id bigint NOT NULL,
    permission_id integer NOT NULL
);


ALTER TABLE public.users_customuser_user_permissions OWNER TO postgres;

--
-- Name: users_customuser_user_permissions_id_seq; Type: SEQUENCE; Schema: public; Owner: postgres
--

ALTER TABLE public.users_customuser_user_permissions ALTER COLUMN id ADD GENERATED BY DEFAULT AS IDENTITY (
    SEQUENCE NAME public.users_customuser_user_permissions_id_seq
    START WITH 1
    INCREMENT BY 1
    NO MINVALUE
    NO MAXVALUE
    CACHE 1
);


--
-- Name: wagtailadmin_admin; Type: TABLE; Schema: public; Owner: postgres
--

CREATE TABLE public.wagtailadmin_admin (
    id integer NOT NULL
);


ALTER TABLE public.wagtailadmin_admin OWNER TO postgres;

--
-- Name: wagtailadmin_admin_id_seq; Type: SEQUENCE; Schema: public; Owner: postgres
--

ALTER TABLE public.wagtailadmin_admin ALTER COLUMN id ADD GENERATED BY DEFAULT AS IDENTITY (
    SEQUENCE NAME public.wagtailadmin_admin_id_seq
    START WITH 1
    INCREMENT BY 1
    NO MINVALUE
    NO MAXVALUE
    CACHE 1
);


--
-- Name: wagtailcore_collection; Type: TABLE; Schema: public; Owner: postgres
--

CREATE TABLE public.wagtailcore_collection (
    id integer NOT NULL,
    path character varying(255) NOT NULL COLLATE pg_catalog."C",
    depth integer NOT NULL,
    numchild integer NOT NULL,
    name character varying(255) NOT NULL,
    CONSTRAINT wagtailcore_collection_depth_check CHECK ((depth >= 0)),
    CONSTRAINT wagtailcore_collection_numchild_check CHECK ((numchild >= 0))
);


ALTER TABLE public.wagtailcore_collection OWNER TO postgres;

--
-- Name: wagtailcore_collection_id_seq; Type: SEQUENCE; Schema: public; Owner: postgres
--

ALTER TABLE public.wagtailcore_collection ALTER COLUMN id ADD GENERATED BY DEFAULT AS IDENTITY (
    SEQUENCE NAME public.wagtailcore_collection_id_seq
    START WITH 1
    INCREMENT BY 1
    NO MINVALUE
    NO MAXVALUE
    CACHE 1
);


--
-- Name: wagtailcore_collectionviewrestriction; Type: TABLE; Schema: public; Owner: postgres
--

CREATE TABLE public.wagtailcore_collectionviewrestriction (
    id integer NOT NULL,
    restriction_type character varying(20) NOT NULL,
    password character varying(255) NOT NULL,
    collection_id integer NOT NULL
);


ALTER TABLE public.wagtailcore_collectionviewrestriction OWNER TO postgres;

--
-- Name: wagtailcore_collectionviewrestriction_groups; Type: TABLE; Schema: public; Owner: postgres
--

CREATE TABLE public.wagtailcore_collectionviewrestriction_groups (
    id bigint NOT NULL,
    collectionviewrestriction_id integer NOT NULL,
    group_id integer NOT NULL
);


ALTER TABLE public.wagtailcore_collectionviewrestriction_groups OWNER TO postgres;

--
-- Name: wagtailcore_collectionviewrestriction_groups_id_seq; Type: SEQUENCE; Schema: public; Owner: postgres
--

ALTER TABLE public.wagtailcore_collectionviewrestriction_groups ALTER COLUMN id ADD GENERATED BY DEFAULT AS IDENTITY (
    SEQUENCE NAME public.wagtailcore_collectionviewrestriction_groups_id_seq
    START WITH 1
    INCREMENT BY 1
    NO MINVALUE
    NO MAXVALUE
    CACHE 1
);


--
-- Name: wagtailcore_collectionviewrestriction_id_seq; Type: SEQUENCE; Schema: public; Owner: postgres
--

ALTER TABLE public.wagtailcore_collectionviewrestriction ALTER COLUMN id ADD GENERATED BY DEFAULT AS IDENTITY (
    SEQUENCE NAME public.wagtailcore_collectionviewrestriction_id_seq
    START WITH 1
    INCREMENT BY 1
    NO MINVALUE
    NO MAXVALUE
    CACHE 1
);


--
-- Name: wagtailcore_comment; Type: TABLE; Schema: public; Owner: postgres
--

CREATE TABLE public.wagtailcore_comment (
    id integer NOT NULL,
    text text NOT NULL,
    contentpath text NOT NULL,
    "position" text NOT NULL,
    created_at timestamp with time zone NOT NULL,
    updated_at timestamp with time zone NOT NULL,
    resolved_at timestamp with time zone,
    page_id integer NOT NULL,
    resolved_by_id bigint,
    revision_created_id integer,
    user_id bigint NOT NULL
);


ALTER TABLE public.wagtailcore_comment OWNER TO postgres;

--
-- Name: wagtailcore_comment_id_seq; Type: SEQUENCE; Schema: public; Owner: postgres
--

ALTER TABLE public.wagtailcore_comment ALTER COLUMN id ADD GENERATED BY DEFAULT AS IDENTITY (
    SEQUENCE NAME public.wagtailcore_comment_id_seq
    START WITH 1
    INCREMENT BY 1
    NO MINVALUE
    NO MAXVALUE
    CACHE 1
);


--
-- Name: wagtailcore_commentreply; Type: TABLE; Schema: public; Owner: postgres
--

CREATE TABLE public.wagtailcore_commentreply (
    id integer NOT NULL,
    text text NOT NULL,
    created_at timestamp with time zone NOT NULL,
    updated_at timestamp with time zone NOT NULL,
    comment_id integer NOT NULL,
    user_id bigint NOT NULL
);


ALTER TABLE public.wagtailcore_commentreply OWNER TO postgres;

--
-- Name: wagtailcore_commentreply_id_seq; Type: SEQUENCE; Schema: public; Owner: postgres
--

ALTER TABLE public.wagtailcore_commentreply ALTER COLUMN id ADD GENERATED BY DEFAULT AS IDENTITY (
    SEQUENCE NAME public.wagtailcore_commentreply_id_seq
    START WITH 1
    INCREMENT BY 1
    NO MINVALUE
    NO MAXVALUE
    CACHE 1
);


--
-- Name: wagtailcore_groupapprovaltask; Type: TABLE; Schema: public; Owner: postgres
--

CREATE TABLE public.wagtailcore_groupapprovaltask (
    task_ptr_id integer NOT NULL
);


ALTER TABLE public.wagtailcore_groupapprovaltask OWNER TO postgres;

--
-- Name: wagtailcore_groupapprovaltask_groups; Type: TABLE; Schema: public; Owner: postgres
--

CREATE TABLE public.wagtailcore_groupapprovaltask_groups (
    id bigint NOT NULL,
    groupapprovaltask_id integer NOT NULL,
    group_id integer NOT NULL
);


ALTER TABLE public.wagtailcore_groupapprovaltask_groups OWNER TO postgres;

--
-- Name: wagtailcore_groupapprovaltask_groups_id_seq; Type: SEQUENCE; Schema: public; Owner: postgres
--

ALTER TABLE public.wagtailcore_groupapprovaltask_groups ALTER COLUMN id ADD GENERATED BY DEFAULT AS IDENTITY (
    SEQUENCE NAME public.wagtailcore_groupapprovaltask_groups_id_seq
    START WITH 1
    INCREMENT BY 1
    NO MINVALUE
    NO MAXVALUE
    CACHE 1
);


--
-- Name: wagtailcore_groupcollectionpermission; Type: TABLE; Schema: public; Owner: postgres
--

CREATE TABLE public.wagtailcore_groupcollectionpermission (
    id integer NOT NULL,
    collection_id integer NOT NULL,
    group_id integer NOT NULL,
    permission_id integer NOT NULL
);


ALTER TABLE public.wagtailcore_groupcollectionpermission OWNER TO postgres;

--
-- Name: wagtailcore_groupcollectionpermission_id_seq; Type: SEQUENCE; Schema: public; Owner: postgres
--

ALTER TABLE public.wagtailcore_groupcollectionpermission ALTER COLUMN id ADD GENERATED BY DEFAULT AS IDENTITY (
    SEQUENCE NAME public.wagtailcore_groupcollectionpermission_id_seq
    START WITH 1
    INCREMENT BY 1
    NO MINVALUE
    NO MAXVALUE
    CACHE 1
);


--
-- Name: wagtailcore_grouppagepermission; Type: TABLE; Schema: public; Owner: postgres
--

CREATE TABLE public.wagtailcore_grouppagepermission (
    id integer NOT NULL,
    permission_type character varying(20) NOT NULL,
    group_id integer NOT NULL,
    page_id integer NOT NULL
);


ALTER TABLE public.wagtailcore_grouppagepermission OWNER TO postgres;

--
-- Name: wagtailcore_grouppagepermission_id_seq; Type: SEQUENCE; Schema: public; Owner: postgres
--

ALTER TABLE public.wagtailcore_grouppagepermission ALTER COLUMN id ADD GENERATED BY DEFAULT AS IDENTITY (
    SEQUENCE NAME public.wagtailcore_grouppagepermission_id_seq
    START WITH 1
    INCREMENT BY 1
    NO MINVALUE
    NO MAXVALUE
    CACHE 1
);


--
-- Name: wagtailcore_locale; Type: TABLE; Schema: public; Owner: postgres
--

CREATE TABLE public.wagtailcore_locale (
    id integer NOT NULL,
    language_code character varying(100) NOT NULL
);


ALTER TABLE public.wagtailcore_locale OWNER TO postgres;

--
-- Name: wagtailcore_locale_id_seq; Type: SEQUENCE; Schema: public; Owner: postgres
--

ALTER TABLE public.wagtailcore_locale ALTER COLUMN id ADD GENERATED BY DEFAULT AS IDENTITY (
    SEQUENCE NAME public.wagtailcore_locale_id_seq
    START WITH 1
    INCREMENT BY 1
    NO MINVALUE
    NO MAXVALUE
    CACHE 1
);


--
-- Name: wagtailcore_modellogentry; Type: TABLE; Schema: public; Owner: postgres
--

CREATE TABLE public.wagtailcore_modellogentry (
    id integer NOT NULL,
    label text NOT NULL,
    action character varying(255) NOT NULL,
    data jsonb NOT NULL,
    "timestamp" timestamp with time zone NOT NULL,
    content_changed boolean NOT NULL,
    deleted boolean NOT NULL,
    object_id character varying(255) NOT NULL,
    content_type_id integer,
    user_id bigint,
    uuid uuid
);


ALTER TABLE public.wagtailcore_modellogentry OWNER TO postgres;

--
-- Name: wagtailcore_modellogentry_id_seq; Type: SEQUENCE; Schema: public; Owner: postgres
--

ALTER TABLE public.wagtailcore_modellogentry ALTER COLUMN id ADD GENERATED BY DEFAULT AS IDENTITY (
    SEQUENCE NAME public.wagtailcore_modellogentry_id_seq
    START WITH 1
    INCREMENT BY 1
    NO MINVALUE
    NO MAXVALUE
    CACHE 1
);


--
-- Name: wagtailcore_page; Type: TABLE; Schema: public; Owner: postgres
--

CREATE TABLE public.wagtailcore_page (
    id integer NOT NULL,
    path character varying(255) NOT NULL COLLATE pg_catalog."C",
    depth integer NOT NULL,
    numchild integer NOT NULL,
    title character varying(255) NOT NULL,
    slug character varying(255) NOT NULL,
    live boolean NOT NULL,
    has_unpublished_changes boolean NOT NULL,
    url_path text NOT NULL,
    seo_title character varying(255) NOT NULL,
    show_in_menus boolean NOT NULL,
    search_description text NOT NULL,
    go_live_at timestamp with time zone,
    expire_at timestamp with time zone,
    expired boolean NOT NULL,
    content_type_id integer NOT NULL,
    owner_id bigint,
    locked boolean NOT NULL,
    latest_revision_created_at timestamp with time zone,
    first_published_at timestamp with time zone,
    live_revision_id integer,
    last_published_at timestamp with time zone,
    draft_title character varying(255) NOT NULL,
    locked_at timestamp with time zone,
    locked_by_id bigint,
    translation_key uuid NOT NULL,
    locale_id integer NOT NULL,
    alias_of_id integer,
    CONSTRAINT wagtailcore_page_depth_check CHECK ((depth >= 0)),
    CONSTRAINT wagtailcore_page_numchild_check CHECK ((numchild >= 0))
);


ALTER TABLE public.wagtailcore_page OWNER TO postgres;

--
-- Name: wagtailcore_page_id_seq; Type: SEQUENCE; Schema: public; Owner: postgres
--

ALTER TABLE public.wagtailcore_page ALTER COLUMN id ADD GENERATED BY DEFAULT AS IDENTITY (
    SEQUENCE NAME public.wagtailcore_page_id_seq
    START WITH 1
    INCREMENT BY 1
    NO MINVALUE
    NO MAXVALUE
    CACHE 1
);


--
-- Name: wagtailcore_pagelogentry; Type: TABLE; Schema: public; Owner: postgres
--

CREATE TABLE public.wagtailcore_pagelogentry (
    id integer NOT NULL,
    label text NOT NULL,
    action character varying(255) NOT NULL,
    data jsonb NOT NULL,
    "timestamp" timestamp with time zone NOT NULL,
    content_changed boolean NOT NULL,
    deleted boolean NOT NULL,
    content_type_id integer,
    page_id integer NOT NULL,
    revision_id integer,
    user_id bigint,
    uuid uuid
);


ALTER TABLE public.wagtailcore_pagelogentry OWNER TO postgres;

--
-- Name: wagtailcore_pagelogentry_id_seq; Type: SEQUENCE; Schema: public; Owner: postgres
--

ALTER TABLE public.wagtailcore_pagelogentry ALTER COLUMN id ADD GENERATED BY DEFAULT AS IDENTITY (
    SEQUENCE NAME public.wagtailcore_pagelogentry_id_seq
    START WITH 1
    INCREMENT BY 1
    NO MINVALUE
    NO MAXVALUE
    CACHE 1
);


--
-- Name: wagtailcore_pagerevision; Type: TABLE; Schema: public; Owner: postgres
--

CREATE TABLE public.wagtailcore_pagerevision (
    id integer NOT NULL,
    submitted_for_moderation boolean NOT NULL,
    created_at timestamp with time zone NOT NULL,
    content jsonb NOT NULL,
    approved_go_live_at timestamp with time zone,
    page_id integer NOT NULL,
    user_id bigint
);


ALTER TABLE public.wagtailcore_pagerevision OWNER TO postgres;

--
-- Name: wagtailcore_pagerevision_id_seq; Type: SEQUENCE; Schema: public; Owner: postgres
--

ALTER TABLE public.wagtailcore_pagerevision ALTER COLUMN id ADD GENERATED BY DEFAULT AS IDENTITY (
    SEQUENCE NAME public.wagtailcore_pagerevision_id_seq
    START WITH 1
    INCREMENT BY 1
    NO MINVALUE
    NO MAXVALUE
    CACHE 1
);


--
-- Name: wagtailcore_pagesubscription; Type: TABLE; Schema: public; Owner: postgres
--

CREATE TABLE public.wagtailcore_pagesubscription (
    id integer NOT NULL,
    comment_notifications boolean NOT NULL,
    page_id integer NOT NULL,
    user_id bigint NOT NULL
);


ALTER TABLE public.wagtailcore_pagesubscription OWNER TO postgres;

--
-- Name: wagtailcore_pagesubscription_id_seq; Type: SEQUENCE; Schema: public; Owner: postgres
--

ALTER TABLE public.wagtailcore_pagesubscription ALTER COLUMN id ADD GENERATED BY DEFAULT AS IDENTITY (
    SEQUENCE NAME public.wagtailcore_pagesubscription_id_seq
    START WITH 1
    INCREMENT BY 1
    NO MINVALUE
    NO MAXVALUE
    CACHE 1
);


--
-- Name: wagtailcore_pageviewrestriction; Type: TABLE; Schema: public; Owner: postgres
--

CREATE TABLE public.wagtailcore_pageviewrestriction (
    id integer NOT NULL,
    password character varying(255) NOT NULL,
    page_id integer NOT NULL,
    restriction_type character varying(20) NOT NULL
);


ALTER TABLE public.wagtailcore_pageviewrestriction OWNER TO postgres;

--
-- Name: wagtailcore_pageviewrestriction_groups; Type: TABLE; Schema: public; Owner: postgres
--

CREATE TABLE public.wagtailcore_pageviewrestriction_groups (
    id bigint NOT NULL,
    pageviewrestriction_id integer NOT NULL,
    group_id integer NOT NULL
);


ALTER TABLE public.wagtailcore_pageviewrestriction_groups OWNER TO postgres;

--
-- Name: wagtailcore_pageviewrestriction_groups_id_seq; Type: SEQUENCE; Schema: public; Owner: postgres
--

ALTER TABLE public.wagtailcore_pageviewrestriction_groups ALTER COLUMN id ADD GENERATED BY DEFAULT AS IDENTITY (
    SEQUENCE NAME public.wagtailcore_pageviewrestriction_groups_id_seq
    START WITH 1
    INCREMENT BY 1
    NO MINVALUE
    NO MAXVALUE
    CACHE 1
);


--
-- Name: wagtailcore_pageviewrestriction_id_seq; Type: SEQUENCE; Schema: public; Owner: postgres
--

ALTER TABLE public.wagtailcore_pageviewrestriction ALTER COLUMN id ADD GENERATED BY DEFAULT AS IDENTITY (
    SEQUENCE NAME public.wagtailcore_pageviewrestriction_id_seq
    START WITH 1
    INCREMENT BY 1
    NO MINVALUE
    NO MAXVALUE
    CACHE 1
);


--
-- Name: wagtailcore_site; Type: TABLE; Schema: public; Owner: postgres
--

CREATE TABLE public.wagtailcore_site (
    id integer NOT NULL,
    hostname character varying(255) NOT NULL,
    port integer NOT NULL,
    is_default_site boolean NOT NULL,
    root_page_id integer NOT NULL,
    site_name character varying(255) NOT NULL
);


ALTER TABLE public.wagtailcore_site OWNER TO postgres;

--
-- Name: wagtailcore_site_id_seq; Type: SEQUENCE; Schema: public; Owner: postgres
--

ALTER TABLE public.wagtailcore_site ALTER COLUMN id ADD GENERATED BY DEFAULT AS IDENTITY (
    SEQUENCE NAME public.wagtailcore_site_id_seq
    START WITH 1
    INCREMENT BY 1
    NO MINVALUE
    NO MAXVALUE
    CACHE 1
);


--
-- Name: wagtailcore_task; Type: TABLE; Schema: public; Owner: postgres
--

CREATE TABLE public.wagtailcore_task (
    id integer NOT NULL,
    name character varying(255) NOT NULL,
    active boolean NOT NULL,
    content_type_id integer NOT NULL
);


ALTER TABLE public.wagtailcore_task OWNER TO postgres;

--
-- Name: wagtailcore_task_id_seq; Type: SEQUENCE; Schema: public; Owner: postgres
--

ALTER TABLE public.wagtailcore_task ALTER COLUMN id ADD GENERATED BY DEFAULT AS IDENTITY (
    SEQUENCE NAME public.wagtailcore_task_id_seq
    START WITH 1
    INCREMENT BY 1
    NO MINVALUE
    NO MAXVALUE
    CACHE 1
);


--
-- Name: wagtailcore_taskstate; Type: TABLE; Schema: public; Owner: postgres
--

CREATE TABLE public.wagtailcore_taskstate (
    id integer NOT NULL,
    status character varying(50) NOT NULL,
    started_at timestamp with time zone NOT NULL,
    finished_at timestamp with time zone,
    content_type_id integer NOT NULL,
    page_revision_id integer NOT NULL,
    task_id integer NOT NULL,
    workflow_state_id integer NOT NULL,
    finished_by_id bigint,
    comment text NOT NULL
);


ALTER TABLE public.wagtailcore_taskstate OWNER TO postgres;

--
-- Name: wagtailcore_taskstate_id_seq; Type: SEQUENCE; Schema: public; Owner: postgres
--

ALTER TABLE public.wagtailcore_taskstate ALTER COLUMN id ADD GENERATED BY DEFAULT AS IDENTITY (
    SEQUENCE NAME public.wagtailcore_taskstate_id_seq
    START WITH 1
    INCREMENT BY 1
    NO MINVALUE
    NO MAXVALUE
    CACHE 1
);


--
-- Name: wagtailcore_workflow; Type: TABLE; Schema: public; Owner: postgres
--

CREATE TABLE public.wagtailcore_workflow (
    id integer NOT NULL,
    name character varying(255) NOT NULL,
    active boolean NOT NULL
);


ALTER TABLE public.wagtailcore_workflow OWNER TO postgres;

--
-- Name: wagtailcore_workflow_id_seq; Type: SEQUENCE; Schema: public; Owner: postgres
--

ALTER TABLE public.wagtailcore_workflow ALTER COLUMN id ADD GENERATED BY DEFAULT AS IDENTITY (
    SEQUENCE NAME public.wagtailcore_workflow_id_seq
    START WITH 1
    INCREMENT BY 1
    NO MINVALUE
    NO MAXVALUE
    CACHE 1
);


--
-- Name: wagtailcore_workflowpage; Type: TABLE; Schema: public; Owner: postgres
--

CREATE TABLE public.wagtailcore_workflowpage (
    page_id integer NOT NULL,
    workflow_id integer NOT NULL
);


ALTER TABLE public.wagtailcore_workflowpage OWNER TO postgres;

--
-- Name: wagtailcore_workflowstate; Type: TABLE; Schema: public; Owner: postgres
--

CREATE TABLE public.wagtailcore_workflowstate (
    id integer NOT NULL,
    status character varying(50) NOT NULL,
    created_at timestamp with time zone NOT NULL,
    current_task_state_id integer,
    page_id integer NOT NULL,
    requested_by_id bigint,
    workflow_id integer NOT NULL
);


ALTER TABLE public.wagtailcore_workflowstate OWNER TO postgres;

--
-- Name: wagtailcore_workflowstate_id_seq; Type: SEQUENCE; Schema: public; Owner: postgres
--

ALTER TABLE public.wagtailcore_workflowstate ALTER COLUMN id ADD GENERATED BY DEFAULT AS IDENTITY (
    SEQUENCE NAME public.wagtailcore_workflowstate_id_seq
    START WITH 1
    INCREMENT BY 1
    NO MINVALUE
    NO MAXVALUE
    CACHE 1
);


--
-- Name: wagtailcore_workflowtask; Type: TABLE; Schema: public; Owner: postgres
--

CREATE TABLE public.wagtailcore_workflowtask (
    id integer NOT NULL,
    sort_order integer,
    task_id integer NOT NULL,
    workflow_id integer NOT NULL
);


ALTER TABLE public.wagtailcore_workflowtask OWNER TO postgres;

--
-- Name: wagtailcore_workflowtask_id_seq; Type: SEQUENCE; Schema: public; Owner: postgres
--

ALTER TABLE public.wagtailcore_workflowtask ALTER COLUMN id ADD GENERATED BY DEFAULT AS IDENTITY (
    SEQUENCE NAME public.wagtailcore_workflowtask_id_seq
    START WITH 1
    INCREMENT BY 1
    NO MINVALUE
    NO MAXVALUE
    CACHE 1
);


--
-- Name: wagtaildocs_document; Type: TABLE; Schema: public; Owner: postgres
--

CREATE TABLE public.wagtaildocs_document (
    id integer NOT NULL,
    title character varying(255) NOT NULL,
    file character varying(100) NOT NULL,
    created_at timestamp with time zone NOT NULL,
    uploaded_by_user_id bigint,
    collection_id integer NOT NULL,
    file_size integer,
    file_hash character varying(40) NOT NULL,
    CONSTRAINT wagtaildocs_document_file_size_check CHECK ((file_size >= 0))
);


ALTER TABLE public.wagtaildocs_document OWNER TO postgres;

--
-- Name: wagtaildocs_document_id_seq; Type: SEQUENCE; Schema: public; Owner: postgres
--

ALTER TABLE public.wagtaildocs_document ALTER COLUMN id ADD GENERATED BY DEFAULT AS IDENTITY (
    SEQUENCE NAME public.wagtaildocs_document_id_seq
    START WITH 1
    INCREMENT BY 1
    NO MINVALUE
    NO MAXVALUE
    CACHE 1
);


--
-- Name: wagtaildocs_uploadeddocument; Type: TABLE; Schema: public; Owner: postgres
--

CREATE TABLE public.wagtaildocs_uploadeddocument (
    id integer NOT NULL,
    file character varying(200) NOT NULL,
    uploaded_by_user_id bigint
);


ALTER TABLE public.wagtaildocs_uploadeddocument OWNER TO postgres;

--
-- Name: wagtaildocs_uploadeddocument_id_seq; Type: SEQUENCE; Schema: public; Owner: postgres
--

ALTER TABLE public.wagtaildocs_uploadeddocument ALTER COLUMN id ADD GENERATED BY DEFAULT AS IDENTITY (
    SEQUENCE NAME public.wagtaildocs_uploadeddocument_id_seq
    START WITH 1
    INCREMENT BY 1
    NO MINVALUE
    NO MAXVALUE
    CACHE 1
);


--
-- Name: wagtailembeds_embed; Type: TABLE; Schema: public; Owner: postgres
--

CREATE TABLE public.wagtailembeds_embed (
    id integer NOT NULL,
    url text NOT NULL,
    max_width smallint,
    type character varying(10) NOT NULL,
    html text NOT NULL,
    title text NOT NULL,
    author_name text NOT NULL,
    provider_name text NOT NULL,
    thumbnail_url text NOT NULL,
    width integer,
    height integer,
    last_updated timestamp with time zone NOT NULL,
    hash character varying(32) NOT NULL,
    cache_until timestamp with time zone
);


ALTER TABLE public.wagtailembeds_embed OWNER TO postgres;

--
-- Name: wagtailembeds_embed_id_seq; Type: SEQUENCE; Schema: public; Owner: postgres
--

ALTER TABLE public.wagtailembeds_embed ALTER COLUMN id ADD GENERATED BY DEFAULT AS IDENTITY (
    SEQUENCE NAME public.wagtailembeds_embed_id_seq
    START WITH 1
    INCREMENT BY 1
    NO MINVALUE
    NO MAXVALUE
    CACHE 1
);


--
-- Name: wagtailforms_formsubmission; Type: TABLE; Schema: public; Owner: postgres
--

CREATE TABLE public.wagtailforms_formsubmission (
    id integer NOT NULL,
    form_data jsonb NOT NULL,
    submit_time timestamp with time zone NOT NULL,
    page_id integer NOT NULL
);


ALTER TABLE public.wagtailforms_formsubmission OWNER TO postgres;

--
-- Name: wagtailforms_formsubmission_id_seq; Type: SEQUENCE; Schema: public; Owner: postgres
--

ALTER TABLE public.wagtailforms_formsubmission ALTER COLUMN id ADD GENERATED BY DEFAULT AS IDENTITY (
    SEQUENCE NAME public.wagtailforms_formsubmission_id_seq
    START WITH 1
    INCREMENT BY 1
    NO MINVALUE
    NO MAXVALUE
    CACHE 1
);


--
-- Name: wagtailimages_image; Type: TABLE; Schema: public; Owner: postgres
--

CREATE TABLE public.wagtailimages_image (
    id integer NOT NULL,
    title character varying(255) NOT NULL,
    file character varying(100) NOT NULL,
    width integer NOT NULL,
    height integer NOT NULL,
    created_at timestamp with time zone NOT NULL,
    focal_point_x integer,
    focal_point_y integer,
    focal_point_width integer,
    focal_point_height integer,
    uploaded_by_user_id bigint,
    file_size integer,
    collection_id integer NOT NULL,
    file_hash character varying(40) NOT NULL,
    CONSTRAINT wagtailimages_image_file_size_check CHECK ((file_size >= 0)),
    CONSTRAINT wagtailimages_image_focal_point_height_check CHECK ((focal_point_height >= 0)),
    CONSTRAINT wagtailimages_image_focal_point_width_check CHECK ((focal_point_width >= 0)),
    CONSTRAINT wagtailimages_image_focal_point_x_check CHECK ((focal_point_x >= 0)),
    CONSTRAINT wagtailimages_image_focal_point_y_check CHECK ((focal_point_y >= 0))
);


ALTER TABLE public.wagtailimages_image OWNER TO postgres;

--
-- Name: wagtailimages_image_id_seq; Type: SEQUENCE; Schema: public; Owner: postgres
--

ALTER TABLE public.wagtailimages_image ALTER COLUMN id ADD GENERATED BY DEFAULT AS IDENTITY (
    SEQUENCE NAME public.wagtailimages_image_id_seq
    START WITH 1
    INCREMENT BY 1
    NO MINVALUE
    NO MAXVALUE
    CACHE 1
);


--
-- Name: wagtailimages_rendition; Type: TABLE; Schema: public; Owner: postgres
--

CREATE TABLE public.wagtailimages_rendition (
    id integer NOT NULL,
    file character varying(100) NOT NULL,
    width integer NOT NULL,
    height integer NOT NULL,
    focal_point_key character varying(16) NOT NULL,
    filter_spec character varying(255) NOT NULL,
    image_id integer NOT NULL
);


ALTER TABLE public.wagtailimages_rendition OWNER TO postgres;

--
-- Name: wagtailimages_rendition_id_seq; Type: SEQUENCE; Schema: public; Owner: postgres
--

ALTER TABLE public.wagtailimages_rendition ALTER COLUMN id ADD GENERATED BY DEFAULT AS IDENTITY (
    SEQUENCE NAME public.wagtailimages_rendition_id_seq
    START WITH 1
    INCREMENT BY 1
    NO MINVALUE
    NO MAXVALUE
    CACHE 1
);


--
-- Name: wagtailimages_uploadedimage; Type: TABLE; Schema: public; Owner: postgres
--

CREATE TABLE public.wagtailimages_uploadedimage (
    id integer NOT NULL,
    file character varying(200) NOT NULL,
    uploaded_by_user_id bigint
);


ALTER TABLE public.wagtailimages_uploadedimage OWNER TO postgres;

--
-- Name: wagtailimages_uploadedimage_id_seq; Type: SEQUENCE; Schema: public; Owner: postgres
--

ALTER TABLE public.wagtailimages_uploadedimage ALTER COLUMN id ADD GENERATED BY DEFAULT AS IDENTITY (
    SEQUENCE NAME public.wagtailimages_uploadedimage_id_seq
    START WITH 1
    INCREMENT BY 1
    NO MINVALUE
    NO MAXVALUE
    CACHE 1
);


--
-- Name: wagtailredirects_redirect; Type: TABLE; Schema: public; Owner: postgres
--

CREATE TABLE public.wagtailredirects_redirect (
    id integer NOT NULL,
    old_path character varying(255) NOT NULL,
    is_permanent boolean NOT NULL,
    redirect_link character varying(255) NOT NULL,
    redirect_page_id integer,
    site_id integer,
    automatically_created boolean NOT NULL,
    created_at timestamp with time zone,
    redirect_page_route_path character varying(255) NOT NULL
);


ALTER TABLE public.wagtailredirects_redirect OWNER TO postgres;

--
-- Name: wagtailredirects_redirect_id_seq; Type: SEQUENCE; Schema: public; Owner: postgres
--

ALTER TABLE public.wagtailredirects_redirect ALTER COLUMN id ADD GENERATED BY DEFAULT AS IDENTITY (
    SEQUENCE NAME public.wagtailredirects_redirect_id_seq
    START WITH 1
    INCREMENT BY 1
    NO MINVALUE
    NO MAXVALUE
    CACHE 1
);


--
-- Name: wagtailsearch_editorspick; Type: TABLE; Schema: public; Owner: postgres
--

CREATE TABLE public.wagtailsearch_editorspick (
    id integer NOT NULL,
    sort_order integer,
    description text NOT NULL,
    page_id integer NOT NULL,
    query_id integer NOT NULL
);


ALTER TABLE public.wagtailsearch_editorspick OWNER TO postgres;

--
-- Name: wagtailsearch_editorspick_id_seq; Type: SEQUENCE; Schema: public; Owner: postgres
--

ALTER TABLE public.wagtailsearch_editorspick ALTER COLUMN id ADD GENERATED BY DEFAULT AS IDENTITY (
    SEQUENCE NAME public.wagtailsearch_editorspick_id_seq
    START WITH 1
    INCREMENT BY 1
    NO MINVALUE
    NO MAXVALUE
    CACHE 1
);


--
-- Name: wagtailsearch_indexentry; Type: TABLE; Schema: public; Owner: postgres
--

CREATE TABLE public.wagtailsearch_indexentry (
    id integer NOT NULL,
    object_id character varying(50) NOT NULL,
    title_norm double precision NOT NULL,
    content_type_id integer NOT NULL,
    autocomplete tsvector NOT NULL,
    title tsvector NOT NULL,
    body tsvector NOT NULL
);


ALTER TABLE public.wagtailsearch_indexentry OWNER TO postgres;

--
-- Name: wagtailsearch_indexentry_id_seq; Type: SEQUENCE; Schema: public; Owner: postgres
--

ALTER TABLE public.wagtailsearch_indexentry ALTER COLUMN id ADD GENERATED BY DEFAULT AS IDENTITY (
    SEQUENCE NAME public.wagtailsearch_indexentry_id_seq
    START WITH 1
    INCREMENT BY 1
    NO MINVALUE
    NO MAXVALUE
    CACHE 1
);


--
-- Name: wagtailsearch_query; Type: TABLE; Schema: public; Owner: postgres
--

CREATE TABLE public.wagtailsearch_query (
    id integer NOT NULL,
    query_string character varying(255) NOT NULL
);


ALTER TABLE public.wagtailsearch_query OWNER TO postgres;

--
-- Name: wagtailsearch_query_id_seq; Type: SEQUENCE; Schema: public; Owner: postgres
--

ALTER TABLE public.wagtailsearch_query ALTER COLUMN id ADD GENERATED BY DEFAULT AS IDENTITY (
    SEQUENCE NAME public.wagtailsearch_query_id_seq
    START WITH 1
    INCREMENT BY 1
    NO MINVALUE
    NO MAXVALUE
    CACHE 1
);


--
-- Name: wagtailsearch_querydailyhits; Type: TABLE; Schema: public; Owner: postgres
--

CREATE TABLE public.wagtailsearch_querydailyhits (
    id integer NOT NULL,
    date date NOT NULL,
    hits integer NOT NULL,
    query_id integer NOT NULL
);


ALTER TABLE public.wagtailsearch_querydailyhits OWNER TO postgres;

--
-- Name: wagtailsearch_querydailyhits_id_seq; Type: SEQUENCE; Schema: public; Owner: postgres
--

ALTER TABLE public.wagtailsearch_querydailyhits ALTER COLUMN id ADD GENERATED BY DEFAULT AS IDENTITY (
    SEQUENCE NAME public.wagtailsearch_querydailyhits_id_seq
    START WITH 1
    INCREMENT BY 1
    NO MINVALUE
    NO MAXVALUE
    CACHE 1
);


--
-- Name: wagtailusers_userprofile; Type: TABLE; Schema: public; Owner: postgres
--

CREATE TABLE public.wagtailusers_userprofile (
    id integer NOT NULL,
    submitted_notifications boolean NOT NULL,
    approved_notifications boolean NOT NULL,
    rejected_notifications boolean NOT NULL,
    user_id bigint NOT NULL,
    preferred_language character varying(10) NOT NULL,
    current_time_zone character varying(40) NOT NULL,
    avatar character varying(100) NOT NULL,
    updated_comments_notifications boolean NOT NULL
);


ALTER TABLE public.wagtailusers_userprofile OWNER TO postgres;

--
-- Name: wagtailusers_userprofile_id_seq; Type: SEQUENCE; Schema: public; Owner: postgres
--

ALTER TABLE public.wagtailusers_userprofile ALTER COLUMN id ADD GENERATED BY DEFAULT AS IDENTITY (
    SEQUENCE NAME public.wagtailusers_userprofile_id_seq
    START WITH 1
    INCREMENT BY 1
    NO MINVALUE
    NO MAXVALUE
    CACHE 1
);


--
-- Data for Name: auth_group; Type: TABLE DATA; Schema: public; Owner: postgres
--

COPY public.auth_group (id, name) FROM stdin;
2	Super User
6	Proof Reader of Exam
1	Institute Head
7	Student
4	Faculty Member
3	Department Head
5	Controller of Exam
\.


--
-- Data for Name: auth_group_permissions; Type: TABLE DATA; Schema: public; Owner: postgres
--

COPY public.auth_group_permissions (id, group_id, permission_id) FROM stdin;
13	1	9
14	2	9
21	2	1
22	2	2
23	2	3
24	2	5
25	2	6
26	2	7
27	1	34
28	1	35
30	1	21
31	1	22
32	1	23
34	1	25
41	5	49
42	5	9
43	5	46
44	5	47
45	3	9
47	4	54
48	4	55
49	6	49
50	6	9
51	6	47
52	1	37
53	1	38
54	1	39
55	1	41
56	1	42
57	1	43
58	1	45
59	1	46
60	1	47
61	1	14
62	1	49
63	1	18
64	1	19
65	1	15
66	1	53
67	1	56
68	1	1
69	1	2
70	1	3
71	1	5
72	1	6
73	1	7
74	5	51
75	5	53
76	4	37
77	4	41
78	4	45
79	4	21
80	4	25
81	3	42
82	3	37
83	3	38
85	3	14
86	3	15
\.


--
-- Data for Name: auth_permission; Type: TABLE DATA; Schema: public; Owner: postgres
--

COPY public.auth_permission (id, name, content_type_id, codename) FROM stdin;
1	Can add document	4	add_document
2	Can change document	4	change_document
3	Can delete document	4	delete_document
4	Can choose document	4	choose_document
5	Can add image	5	add_image
6	Can change image	5	change_image
7	Can delete image	5	delete_image
8	Can choose image	5	choose_image
9	Can access Wagtail admin	6	access_admin
10	Can add Group	7	add_customgroup
11	Can change Group	7	change_customgroup
12	Can delete Group	7	delete_customgroup
13	Can view Group	7	view_customgroup
14	Can add User	8	add_customuser
15	Can change User	8	change_customuser
16	Can delete User	8	delete_customuser
17	Can view User	8	view_customuser
18	Can add Institute	9	add_institute
19	Can change Institute	9	change_institute
20	Can delete Institute	9	delete_institute
21	Can view Institute	9	view_institute
22	Can add degree	10	add_degree
23	Can change degree	10	change_degree
24	Can delete degree	10	delete_degree
25	Can view degree	10	view_degree
26	Can add document	11	add_customdocument
27	Can change document	11	change_customdocument
28	Can delete document	11	delete_customdocument
29	Can view document	11	view_customdocument
30	Can add institute collections	12	add_institutecollections
31	Can change institute collections	12	change_institutecollections
32	Can delete institute collections	12	delete_institutecollections
33	Can view institute collections	12	view_institutecollections
34	Can add Department	13	add_department
35	Can change Department	13	change_department
36	Can delete Department	13	delete_department
37	Can view Department	13	view_department
38	Can add Batch	14	add_batch
39	Can change Batch	14	change_batch
40	Can delete Batch	14	delete_batch
41	Can view Batch	14	view_batch
42	Can add Batch Year	15	add_batchyear
43	Can change Batch Year	15	change_batchyear
44	Can delete Batch Year	15	delete_batchyear
45	Can view Batch Year	15	view_batchyear
46	Can add Student Batch Record	16	add_studentrecords
47	Can change Student Batch Record	16	change_studentrecords
48	Can delete Student Batch Record	16	delete_studentrecords
49	Can view Student Batch Record	16	view_studentrecords
50	Can add Certificate	17	add_batchuploadresult
51	Can change Certificate	17	change_batchuploadresult
52	Can delete Certificate	17	delete_batchuploadresult
53	Can view Certificate	17	view_batchuploadresult
54	Can add Student	18	add_studentprofile
55	Can change Student	18	change_studentprofile
56	Can delete Student	18	delete_studentprofile
57	Can view Student	18	view_studentprofile
58	Can add Student HomePage	19	add_studenthomepage
59	Can change Student HomePage	19	change_studenthomepage
60	Can delete Student HomePage	19	delete_studenthomepage
61	Can view Student HomePage	19	view_studenthomepage
62	Can add student homepage route	20	add_studenthomepageroute
63	Can change student homepage route	20	change_studenthomepageroute
64	Can delete student homepage route	20	delete_studenthomepageroute
65	Can view student homepage route	20	view_studenthomepageroute
66	Can add Student Record	21	add_studentrecord
67	Can change Student Record	21	change_studentrecord
68	Can delete Student Record	21	delete_studentrecord
69	Can view Student Record	21	view_studentrecord
70	Can add form submission	22	add_formsubmission
71	Can change form submission	22	change_formsubmission
72	Can delete form submission	22	delete_formsubmission
73	Can view form submission	22	view_formsubmission
74	Can add redirect	23	add_redirect
75	Can change redirect	23	change_redirect
76	Can delete redirect	23	delete_redirect
77	Can view redirect	23	view_redirect
78	Can add embed	24	add_embed
79	Can change embed	24	change_embed
80	Can delete embed	24	delete_embed
81	Can view embed	24	view_embed
82	Can add user profile	25	add_userprofile
83	Can change user profile	25	change_userprofile
84	Can delete user profile	25	delete_userprofile
85	Can view user profile	25	view_userprofile
86	Can view document	4	view_document
87	Can add uploaded document	26	add_uploadeddocument
88	Can change uploaded document	26	change_uploadeddocument
89	Can delete uploaded document	26	delete_uploadeddocument
90	Can view uploaded document	26	view_uploadeddocument
91	Can view image	5	view_image
92	Can add rendition	27	add_rendition
93	Can change rendition	27	change_rendition
94	Can delete rendition	27	delete_rendition
95	Can view rendition	27	view_rendition
96	Can add uploaded image	28	add_uploadedimage
97	Can change uploaded image	28	change_uploadedimage
98	Can delete uploaded image	28	delete_uploadedimage
99	Can view uploaded image	28	view_uploadedimage
100	Can add query	29	add_query
101	Can change query	29	change_query
102	Can delete query	29	delete_query
103	Can view query	29	view_query
104	Can add Query Daily Hits	30	add_querydailyhits
105	Can change Query Daily Hits	30	change_querydailyhits
106	Can delete Query Daily Hits	30	delete_querydailyhits
107	Can view Query Daily Hits	30	view_querydailyhits
108	Can add index entry	31	add_indexentry
109	Can change index entry	31	change_indexentry
110	Can delete index entry	31	delete_indexentry
111	Can view index entry	31	view_indexentry
112	Can add page	1	add_page
113	Can change page	1	change_page
114	Can delete page	1	delete_page
115	Can view page	1	view_page
116	Can add group page permission	32	add_grouppagepermission
117	Can change group page permission	32	change_grouppagepermission
118	Can delete group page permission	32	delete_grouppagepermission
119	Can view group page permission	32	view_grouppagepermission
120	Can add page revision	33	add_pagerevision
121	Can change page revision	33	change_pagerevision
122	Can delete page revision	33	delete_pagerevision
123	Can view page revision	33	view_pagerevision
124	Can add page view restriction	34	add_pageviewrestriction
125	Can change page view restriction	34	change_pageviewrestriction
126	Can delete page view restriction	34	delete_pageviewrestriction
127	Can view page view restriction	34	view_pageviewrestriction
128	Can add site	35	add_site
129	Can change site	35	change_site
130	Can delete site	35	delete_site
131	Can view site	35	view_site
132	Can add collection	36	add_collection
133	Can change collection	36	change_collection
134	Can delete collection	36	delete_collection
135	Can view collection	36	view_collection
136	Can add group collection permission	37	add_groupcollectionpermission
137	Can change group collection permission	37	change_groupcollectionpermission
138	Can delete group collection permission	37	delete_groupcollectionpermission
139	Can view group collection permission	37	view_groupcollectionpermission
140	Can add collection view restriction	38	add_collectionviewrestriction
141	Can change collection view restriction	38	change_collectionviewrestriction
142	Can delete collection view restriction	38	delete_collectionviewrestriction
143	Can view collection view restriction	38	view_collectionviewrestriction
144	Can add task	39	add_task
145	Can change task	39	change_task
146	Can delete task	39	delete_task
147	Can view task	39	view_task
148	Can add Task state	40	add_taskstate
149	Can change Task state	40	change_taskstate
150	Can delete Task state	40	delete_taskstate
151	Can view Task state	40	view_taskstate
152	Can add workflow	41	add_workflow
153	Can change workflow	41	change_workflow
154	Can delete workflow	41	delete_workflow
155	Can view workflow	41	view_workflow
156	Can add Group approval task	2	add_groupapprovaltask
157	Can change Group approval task	2	change_groupapprovaltask
158	Can delete Group approval task	2	delete_groupapprovaltask
159	Can view Group approval task	2	view_groupapprovaltask
160	Can add Workflow state	42	add_workflowstate
161	Can change Workflow state	42	change_workflowstate
162	Can delete Workflow state	42	delete_workflowstate
163	Can view Workflow state	42	view_workflowstate
164	Can add workflow page	43	add_workflowpage
165	Can change workflow page	43	change_workflowpage
166	Can delete workflow page	43	delete_workflowpage
167	Can view workflow page	43	view_workflowpage
168	Can add workflow task order	44	add_workflowtask
169	Can change workflow task order	44	change_workflowtask
170	Can delete workflow task order	44	delete_workflowtask
171	Can view workflow task order	44	view_workflowtask
172	Can add page log entry	45	add_pagelogentry
173	Can change page log entry	45	change_pagelogentry
174	Can delete page log entry	45	delete_pagelogentry
175	Can view page log entry	45	view_pagelogentry
176	Can add locale	46	add_locale
177	Can change locale	46	change_locale
178	Can delete locale	46	delete_locale
179	Can view locale	46	view_locale
180	Can add comment	47	add_comment
181	Can change comment	47	change_comment
182	Can delete comment	47	delete_comment
183	Can view comment	47	view_comment
184	Can add comment reply	48	add_commentreply
185	Can change comment reply	48	change_commentreply
186	Can delete comment reply	48	delete_commentreply
187	Can view comment reply	48	view_commentreply
188	Can add page subscription	49	add_pagesubscription
189	Can change page subscription	49	change_pagesubscription
190	Can delete page subscription	49	delete_pagesubscription
191	Can view page subscription	49	view_pagesubscription
192	Can add model log entry	50	add_modellogentry
193	Can change model log entry	50	change_modellogentry
194	Can delete model log entry	50	delete_modellogentry
195	Can view model log entry	50	view_modellogentry
196	Can add tag	51	add_tag
197	Can change tag	51	change_tag
198	Can delete tag	51	delete_tag
199	Can view tag	51	view_tag
200	Can add tagged item	52	add_taggeditem
201	Can change tagged item	52	change_taggeditem
202	Can delete tagged item	52	delete_taggeditem
203	Can view tagged item	52	view_taggeditem
204	Can add log entry	53	add_logentry
205	Can change log entry	53	change_logentry
206	Can delete log entry	53	delete_logentry
207	Can view log entry	53	view_logentry
208	Can add permission	54	add_permission
209	Can change permission	54	change_permission
210	Can delete permission	54	delete_permission
211	Can view permission	54	view_permission
212	Can add group	55	add_group
213	Can change group	55	change_group
214	Can delete group	55	delete_group
215	Can view group	55	view_group
216	Can add content type	56	add_contenttype
217	Can change content type	56	change_contenttype
218	Can delete content type	56	delete_contenttype
219	Can view content type	56	view_contenttype
220	Can add session	57	add_session
221	Can change session	57	change_session
222	Can delete session	57	delete_session
223	Can view session	57	view_session
\.


--
-- Data for Name: custom_dashboard_batchuploadresult; Type: TABLE DATA; Schema: public; Owner: postgres
--

COPY public.custom_dashboard_batchuploadresult (id, sort_order, certificates, data, batch_file_id, date, collection_id) FROM stdin;
3	\N	Provisional	{"certificate_issued": []}	6	\N	19
\.


--
-- Data for Name: custom_dashboard_batchuploadresult_students; Type: TABLE DATA; Schema: public; Owner: postgres
--

COPY public.custom_dashboard_batchuploadresult_students (id, batchuploadresult_id, customuser_id) FROM stdin;
1	3	9
2	3	10
\.


--
-- Data for Name: custom_dashboard_studentrecords; Type: TABLE DATA; Schema: public; Owner: postgres
--

COPY public.custom_dashboard_studentrecords (id, created_at, assigned_controller_id, assigned_pr_id, institute_id, sort_order, active, approve_at, comment, link_document_id, name, status, data, "timestamp", updated_by_id, publish, batch_year_id) FROM stdin;
6	2022-09-02 13:41:57.620441+00	7	8	2	\N	t	2022-09-02 13:42:41.200006+00		6	test_excel (1)	approve	{"is_lock": true, "comments": "controller of exam - Sept. 2, 2022, 7:12 p.m. <br> <p data-block-key=\\"5ywg4\\">GOOD SHIT</p><br><br>", "document": {}, "is_publish": true, "prev_status": "approve"}	2022-09-02 13:42:59.539101+00	8	t	1
\.


--
-- Data for Name: departments_batch; Type: TABLE DATA; Schema: public; Owner: postgres
--

COPY public.departments_batch (id, sort_order, name, custom_id, created_at, active, department_id, assigned_faculty_member_id, degree_id, suffix, collection_id) FROM stdin;
1	\N	YE	\N	2022-09-02 12:48:15.927194+00	t	1	\N	1	1	15
\.


--
-- Data for Name: departments_batchyear; Type: TABLE DATA; Schema: public; Owner: postgres
--

COPY public.departments_batchyear (id, sort_order, year_from, year_to, assigned_faculty_member_id, batch_id, collection_id) FROM stdin;
1	\N	2022	2023	\N	1	16
\.


--
-- Data for Name: departments_batchyear_students; Type: TABLE DATA; Schema: public; Owner: postgres
--

COPY public.departments_batchyear_students (id, batchyear_id, customuser_id) FROM stdin;
1	1	9
2	1	10
\.


--
-- Data for Name: departments_department; Type: TABLE DATA; Schema: public; Owner: postgres
--

COPY public.departments_department (id, sort_order, name, custom_id, code, created_at, active, institute_id, alternative_name, collection_id) FROM stdin;
2	\N	Fabric Engineering	02	2	2022-09-02 10:48:04.166673+00	t	2	Fabric	5
3	\N	Wet Process Engineering	03	3	2022-09-02 10:48:45.735664+00	t	2	Wet Process	6
4	\N	Apparel Engineering	04	4	2022-09-02 10:49:36.026946+00	t	2	Apparel	7
5	\N	Textile Engineering Management	05	5	2022-09-02 10:50:49.485288+00	t	2	Textile Engineering Management	8
6	\N	Textile Fashion and Design	06	6	2022-09-02 10:51:21.29874+00	t	2	Textile Fashion and Design	9
7	\N	Industrial and Production Engineering	07	7	2022-09-02 11:00:05.354413+00	t	2	Industrial and Production	10
8	\N	Textile Machinery Design and Maintenance	08	8	2022-09-02 11:11:11.729116+00	t	2	Machinery Design and Maintenance	11
9	\N	Dyes and Chemical Engineering	09	9	2022-09-02 11:11:42.184112+00	t	2	Dyes and Chemical	12
10	\N	Environmental Science and Engineering	10	10	2022-09-02 11:12:23.411846+00	t	2	Environmental Science and Engineering	13
1	\N	Yarn Engineering	01	YE	2022-09-02 10:47:13.817523+00	t	2	Yarn	4
\.


--
-- Data for Name: django_admin_log; Type: TABLE DATA; Schema: public; Owner: postgres
--

COPY public.django_admin_log (id, action_time, object_id, object_repr, action_flag, change_message, content_type_id, user_id) FROM stdin;
\.


--
-- Data for Name: django_content_type; Type: TABLE DATA; Schema: public; Owner: postgres
--

COPY public.django_content_type (id, app_label, model) FROM stdin;
1	wagtailcore	page
2	wagtailcore	groupapprovaltask
3	home	homepage
4	wagtaildocs	document
5	wagtailimages	image
6	wagtailadmin	admin
7	users	customgroup
8	users	customuser
9	institutes	institute
10	institutes	degree
11	institutes	customdocument
12	institutes	institutecollections
13	departments	department
14	departments	batch
15	departments	batchyear
16	custom_dashboard	studentrecords
17	custom_dashboard	batchuploadresult
18	students	studentprofile
19	students	studenthomepage
20	students	studenthomepageroute
21	students	studentrecord
22	wagtailforms	formsubmission
23	wagtailredirects	redirect
24	wagtailembeds	embed
25	wagtailusers	userprofile
26	wagtaildocs	uploadeddocument
27	wagtailimages	rendition
28	wagtailimages	uploadedimage
29	wagtailsearch	query
30	wagtailsearch	querydailyhits
31	wagtailsearch	indexentry
32	wagtailcore	grouppagepermission
33	wagtailcore	pagerevision
34	wagtailcore	pageviewrestriction
35	wagtailcore	site
36	wagtailcore	collection
37	wagtailcore	groupcollectionpermission
38	wagtailcore	collectionviewrestriction
39	wagtailcore	task
40	wagtailcore	taskstate
41	wagtailcore	workflow
42	wagtailcore	workflowstate
43	wagtailcore	workflowpage
44	wagtailcore	workflowtask
45	wagtailcore	pagelogentry
46	wagtailcore	locale
47	wagtailcore	comment
48	wagtailcore	commentreply
49	wagtailcore	pagesubscription
50	wagtailcore	modellogentry
51	taggit	tag
52	taggit	taggeditem
53	admin	logentry
54	auth	permission
55	auth	group
56	contenttypes	contenttype
57	sessions	session
\.


--
-- Data for Name: django_migrations; Type: TABLE DATA; Schema: public; Owner: postgres
--

COPY public.django_migrations (id, app, name, applied) FROM stdin;
1	institutes	0001_initial	2022-09-01 22:09:50.565819+00
2	departments	0001_initial	2022-09-01 22:09:50.591758+00
3	contenttypes	0001_initial	2022-09-01 22:09:50.603535+00
4	contenttypes	0002_remove_content_type_name	2022-09-01 22:09:50.613301+00
5	auth	0001_initial	2022-09-01 22:09:50.66289+00
6	auth	0002_alter_permission_name_max_length	2022-09-01 22:09:50.6687+00
7	auth	0003_alter_user_email_max_length	2022-09-01 22:09:50.676028+00
8	auth	0004_alter_user_username_opts	2022-09-01 22:09:50.681974+00
9	auth	0005_alter_user_last_login_null	2022-09-01 22:09:50.687922+00
10	auth	0006_require_contenttypes_0002	2022-09-01 22:09:50.69001+00
11	auth	0007_alter_validators_add_error_messages	2022-09-01 22:09:50.695643+00
12	auth	0008_alter_user_username_max_length	2022-09-01 22:09:50.701308+00
13	auth	0009_alter_user_last_name_max_length	2022-09-01 22:09:50.707153+00
14	auth	0010_alter_group_name_max_length	2022-09-01 22:09:50.714547+00
15	auth	0011_update_proxy_permissions	2022-09-01 22:09:50.721543+00
16	auth	0012_alter_user_first_name_max_length	2022-09-01 22:09:50.727127+00
17	users	0001_initial	2022-09-01 22:09:50.816776+00
18	admin	0001_initial	2022-09-01 22:09:50.846485+00
19	admin	0002_logentry_remove_auto_add	2022-09-01 22:09:50.85612+00
20	admin	0003_logentry_add_action_flag_choices	2022-09-01 22:09:50.869371+00
21	wagtailcore	0001_initial	2022-09-01 22:09:51.12215+00
22	wagtailcore	0002_initial_data	2022-09-01 22:09:51.123812+00
23	wagtailcore	0003_add_uniqueness_constraint_on_group_page_permission	2022-09-01 22:09:51.125267+00
24	wagtailcore	0004_page_locked	2022-09-01 22:09:51.126563+00
25	wagtailcore	0005_add_page_lock_permission_to_moderators	2022-09-01 22:09:51.127847+00
26	wagtailcore	0006_add_lock_page_permission	2022-09-01 22:09:51.129256+00
27	wagtailcore	0007_page_latest_revision_created_at	2022-09-01 22:09:51.130452+00
28	wagtailcore	0008_populate_latest_revision_created_at	2022-09-01 22:09:51.131671+00
29	wagtailcore	0009_remove_auto_now_add_from_pagerevision_created_at	2022-09-01 22:09:51.132976+00
30	wagtailcore	0010_change_page_owner_to_null_on_delete	2022-09-01 22:09:51.134154+00
31	wagtailcore	0011_page_first_published_at	2022-09-01 22:09:51.135324+00
32	wagtailcore	0012_extend_page_slug_field	2022-09-01 22:09:51.136468+00
33	wagtailcore	0013_update_golive_expire_help_text	2022-09-01 22:09:51.13779+00
34	wagtailcore	0014_add_verbose_name	2022-09-01 22:09:51.138999+00
35	wagtailcore	0015_add_more_verbose_names	2022-09-01 22:09:51.140243+00
36	wagtailcore	0016_change_page_url_path_to_text_field	2022-09-01 22:09:51.141522+00
37	wagtailcore	0017_change_edit_page_permission_description	2022-09-01 22:09:51.153392+00
38	wagtailcore	0018_pagerevision_submitted_for_moderation_index	2022-09-01 22:09:51.169705+00
39	wagtailcore	0019_verbose_names_cleanup	2022-09-01 22:09:51.215433+00
40	wagtailcore	0020_add_index_on_page_first_published_at	2022-09-01 22:09:51.234976+00
41	wagtailcore	0021_capitalizeverbose	2022-09-01 22:09:51.648925+00
42	wagtailcore	0022_add_site_name	2022-09-01 22:09:51.662483+00
43	wagtailcore	0023_alter_page_revision_on_delete_behaviour	2022-09-01 22:09:51.677863+00
44	wagtailcore	0024_collection	2022-09-01 22:09:51.695014+00
45	wagtailcore	0025_collection_initial_data	2022-09-01 22:09:51.711281+00
46	wagtailcore	0026_group_collection_permission	2022-09-01 22:09:51.757402+00
47	wagtailcore	0027_fix_collection_path_collation	2022-09-01 22:09:51.779653+00
48	wagtailcore	0024_alter_page_content_type_on_delete_behaviour	2022-09-01 22:09:51.795788+00
49	wagtailcore	0028_merge	2022-09-01 22:09:51.798096+00
50	wagtailcore	0029_unicode_slugfield_dj19	2022-09-01 22:09:51.812441+00
51	wagtailcore	0030_index_on_pagerevision_created_at	2022-09-01 22:09:51.828103+00
52	wagtailcore	0031_add_page_view_restriction_types	2022-09-01 22:09:51.897434+00
53	wagtailcore	0032_add_bulk_delete_page_permission	2022-09-01 22:09:51.911809+00
54	wagtailcore	0033_remove_golive_expiry_help_text	2022-09-01 22:09:51.940025+00
55	wagtailcore	0034_page_live_revision	2022-09-01 22:09:51.961304+00
56	wagtailcore	0035_page_last_published_at	2022-09-01 22:09:51.974842+00
57	wagtailcore	0036_populate_page_last_published_at	2022-09-01 22:09:51.991689+00
58	wagtailcore	0037_set_page_owner_editable	2022-09-01 22:09:52.008686+00
59	wagtailcore	0038_make_first_published_at_editable	2022-09-01 22:09:52.02209+00
60	wagtailcore	0039_collectionviewrestriction	2022-09-01 22:09:52.090795+00
61	wagtailcore	0040_page_draft_title	2022-09-01 22:09:52.124967+00
62	wagtailcore	0041_group_collection_permissions_verbose_name_plural	2022-09-01 22:09:52.139673+00
63	wagtailcore	0042_index_on_pagerevision_approved_go_live_at	2022-09-01 22:09:52.158807+00
64	wagtailcore	0043_lock_fields	2022-09-01 22:09:52.196155+00
65	wagtailcore	0044_add_unlock_grouppagepermission	2022-09-01 22:09:52.211517+00
66	wagtailcore	0045_assign_unlock_grouppagepermission	2022-09-01 22:09:52.233027+00
67	wagtailcore	0046_site_name_remove_null	2022-09-01 22:09:52.246778+00
68	wagtailcore	0047_add_workflow_models	2022-09-01 22:09:52.69442+00
69	wagtailcore	0048_add_default_workflows	2022-09-01 22:09:52.746839+00
70	wagtailcore	0049_taskstate_finished_by	2022-09-01 22:09:52.774709+00
71	wagtailcore	0050_workflow_rejected_to_needs_changes	2022-09-01 22:09:52.833558+00
72	wagtailcore	0051_taskstate_comment	2022-09-01 22:09:52.856123+00
73	wagtailcore	0052_pagelogentry	2022-09-01 22:09:52.918796+00
74	home	0001_initial	2022-09-01 22:09:52.952049+00
75	home	0002_create_homepage	2022-09-01 22:09:53.001902+00
76	wagtailcore	0053_locale_model	2022-09-01 22:09:53.020117+00
77	wagtailcore	0054_initial_locale	2022-09-01 22:09:53.04672+00
78	wagtailcore	0055_page_locale_fields	2022-09-01 22:09:53.126709+00
79	wagtailcore	0056_page_locale_fields_populate	2022-09-01 22:09:53.165838+00
80	wagtailcore	0057_page_locale_fields_notnull	2022-09-01 22:09:53.226556+00
81	wagtailcore	0058_page_alias_of	2022-09-01 22:09:53.258461+00
82	wagtailcore	0059_apply_collection_ordering	2022-09-01 22:09:53.444077+00
83	wagtailcore	0060_fix_workflow_unique_constraint	2022-09-01 22:09:53.486188+00
84	wagtailcore	0061_change_promote_tab_helpt_text_and_verbose_names	2022-09-01 22:09:53.525342+00
85	wagtailcore	0062_comment_models_and_pagesubscription	2022-09-01 22:09:53.662039+00
86	wagtailcore	0063_modellogentry	2022-09-01 22:09:53.731944+00
87	wagtailcore	0064_log_timestamp_indexes	2022-09-01 22:09:53.78807+00
88	wagtailcore	0065_log_entry_uuid	2022-09-01 22:09:53.828075+00
89	wagtailcore	0066_collection_management_permissions	2022-09-01 22:09:53.866434+00
90	wagtailcore	0067_alter_pagerevision_content_json	2022-09-01 22:09:53.947927+00
91	wagtailcore	0068_log_entry_empty_object	2022-09-01 22:09:53.989587+00
92	wagtailcore	0069_log_entry_jsonfield	2022-09-01 22:09:54.137999+00
93	institutes	0002_degree	2022-09-01 22:09:54.183431+00
94	departments	0002_batch	2022-09-01 22:09:54.385093+00
95	departments	0003_batch_assigned_faculty_member	2022-09-01 22:09:54.422327+00
96	departments	0004_alter_batch_unique_together_batch_degree_and_more	2022-09-01 22:09:54.537879+00
97	departments	0005_alter_batch_assigned_faculty_member_and_more	2022-09-01 22:09:54.595891+00
98	departments	0006_alter_batch_unique_together_batch_year_and_more	2022-09-01 22:09:54.656192+00
99	departments	0007_alter_batch_degree_alter_batch_year	2022-09-01 22:09:54.704654+00
100	departments	0008_alter_batch_year	2022-09-01 22:09:54.725566+00
101	departments	0009_alter_batch_assigned_faculty_member	2022-09-01 22:09:54.754916+00
102	departments	0010_alter_batch_degree	2022-09-01 22:09:54.784468+00
103	departments	0011_alter_department_code	2022-09-01 22:09:54.793555+00
104	departments	0012_alter_department_code	2022-09-01 22:09:54.802694+00
105	departments	0013_alter_batch_unique_together_batch_collection_key_and_more	2022-09-01 22:09:55.108228+00
106	taggit	0001_initial	2022-09-01 22:09:55.178229+00
107	taggit	0002_auto_20150616_2121	2022-09-01 22:09:55.19495+00
108	taggit	0003_taggeditem_add_unique_index	2022-09-01 22:09:55.212471+00
109	taggit	0004_alter_taggeditem_content_type_alter_taggeditem_tag	2022-09-01 22:09:55.276908+00
110	institutes	0003_customdocument	2022-09-01 22:09:55.325781+00
111	wagtaildocs	0001_initial	2022-09-01 22:09:55.371444+00
112	wagtaildocs	0002_initial_data	2022-09-01 22:09:55.415348+00
113	wagtaildocs	0003_add_verbose_names	2022-09-01 22:09:55.494247+00
114	wagtaildocs	0004_capitalizeverbose	2022-09-01 22:09:55.639446+00
115	wagtaildocs	0005_document_collection	2022-09-01 22:09:55.845542+00
116	wagtaildocs	0006_copy_document_permissions_to_collections	2022-09-01 22:09:55.885603+00
117	wagtaildocs	0005_alter_uploaded_by_user_on_delete_action	2022-09-01 22:09:55.921614+00
118	wagtaildocs	0007_merge	2022-09-01 22:09:55.924103+00
119	wagtaildocs	0008_document_file_size	2022-09-01 22:09:55.950919+00
120	wagtaildocs	0009_document_verbose_name_plural	2022-09-01 22:09:55.975316+00
121	wagtaildocs	0010_document_file_hash	2022-09-01 22:09:56.001855+00
122	wagtaildocs	0011_add_choose_permissions	2022-09-01 22:09:56.091841+00
123	wagtaildocs	0012_uploadeddocument	2022-09-01 22:09:56.135058+00
124	custom_dashboard	0001_initial	2022-09-01 22:09:56.191525+00
125	custom_dashboard	0002_studentrecords_sort_order	2022-09-01 22:09:56.217898+00
126	custom_dashboard	0003_alter_studentrecords_options_and_more	2022-09-01 22:09:56.628606+00
127	custom_dashboard	0004_studentrecords_approve_at_studentrecords_comment_and_more	2022-09-01 22:09:56.843947+00
128	custom_dashboard	0005_alter_studentrecords_link_document	2022-09-01 22:09:56.904519+00
129	custom_dashboard	0006_studentrecords_data	2022-09-01 22:09:56.936918+00
130	custom_dashboard	0007_studentrecords_timestamp_studentrecords_updated_by	2022-09-01 22:09:57.006869+00
131	custom_dashboard	0008_studentrecords_publish_alter_studentrecords_comment	2022-09-01 22:09:57.056201+00
132	custom_dashboard	0009_batchuploadresult_alter_studentrecords_options	2022-09-01 22:09:57.089485+00
133	custom_dashboard	0010_studentrecords_batch_year_and_more	2022-09-01 22:09:57.389622+00
134	custom_dashboard	0011_batchuploadresult_date	2022-09-01 22:09:57.416342+00
135	custom_dashboard	0012_alter_batchuploadresult_certificates	2022-09-01 22:09:57.442938+00
136	custom_dashboard	0013_batchuploadresult_collection	2022-09-01 22:09:57.483434+00
137	departments	0014_department_alternative_name	2022-09-01 22:09:57.497601+00
138	departments	0015_remove_batch_collection_key_and_more	2022-09-01 22:09:57.61174+00
139	home	0003_delete_homepage	2022-09-01 22:09:57.616755+00
140	institutes	0004_alter_customdocument_institute	2022-09-01 22:09:57.654695+00
141	institutes	0005_customdocument_data	2022-09-01 22:09:57.688585+00
142	institutes	0006_alter_degree_code	2022-09-01 22:09:57.702225+00
143	institutes	0007_alter_institute_unique_together_customdocument_batch_and_more	2022-09-01 22:09:57.994559+00
144	institutes	0008_institutecollections	2022-09-01 22:09:58.061133+00
145	institutes	0009_remove_institute_collection_key_institute_collection	2022-09-01 22:09:58.114167+00
146	institutes	0010_alter_institute_name	2022-09-01 22:09:58.142067+00
147	sessions	0001_initial	2022-09-01 22:09:58.169681+00
148	wagtailimages	0001_initial	2022-09-01 22:09:58.382069+00
149	wagtailimages	0002_initial_data	2022-09-01 22:09:58.384258+00
150	wagtailimages	0003_fix_focal_point_fields	2022-09-01 22:09:58.386344+00
151	wagtailimages	0004_make_focal_point_key_not_nullable	2022-09-01 22:09:58.387993+00
152	wagtailimages	0005_make_filter_spec_unique	2022-09-01 22:09:58.38964+00
153	wagtailimages	0006_add_verbose_names	2022-09-01 22:09:58.391361+00
154	wagtailimages	0007_image_file_size	2022-09-01 22:09:58.393014+00
155	wagtailimages	0008_image_created_at_index	2022-09-01 22:09:58.394499+00
156	wagtailimages	0009_capitalizeverbose	2022-09-01 22:09:58.395972+00
157	wagtailimages	0010_change_on_delete_behaviour	2022-09-01 22:09:58.397837+00
158	wagtailimages	0011_image_collection	2022-09-01 22:09:58.399462+00
159	wagtailimages	0012_copy_image_permissions_to_collections	2022-09-01 22:09:58.401082+00
160	wagtailimages	0013_make_rendition_upload_callable	2022-09-01 22:09:58.40251+00
161	wagtailimages	0014_add_filter_spec_field	2022-09-01 22:09:58.403963+00
162	wagtailimages	0015_fill_filter_spec_field	2022-09-01 22:09:58.405691+00
163	wagtailimages	0016_deprecate_rendition_filter_relation	2022-09-01 22:09:58.407262+00
164	wagtailimages	0017_reduce_focal_point_key_max_length	2022-09-01 22:09:58.408798+00
165	wagtailimages	0018_remove_rendition_filter	2022-09-01 22:09:58.410357+00
166	wagtailimages	0019_delete_filter	2022-09-01 22:09:58.4118+00
167	wagtailimages	0020_add-verbose-name	2022-09-01 22:09:58.413247+00
168	wagtailimages	0021_image_file_hash	2022-09-01 22:09:58.414587+00
169	wagtailimages	0022_uploadedimage	2022-09-01 22:09:58.473604+00
170	wagtailimages	0023_add_choose_permissions	2022-09-01 22:09:58.589043+00
171	wagtailimages	0024_index_image_file_hash	2022-09-01 22:09:58.948089+00
172	students	0001_initial	2022-09-01 22:09:59.183812+00
173	students	0002_rename_featured_title_studenthomepage_announcement_and_more	2022-09-01 22:09:59.349467+00
174	students	0003_alter_studenthomepage_options_and_more	2022-09-01 22:09:59.466939+00
175	students	0004_alter_studenthomepage_announcement	2022-09-01 22:09:59.519532+00
176	students	0005_studenthomepageroute_alter_studenthomepage_institute	2022-09-01 22:09:59.721646+00
177	students	0006_alter_studenthomepage_institute_and_more	2022-09-01 22:09:59.922819+00
178	students	0007_studentrecord	2022-09-01 22:10:00.066217+00
179	users	0002_customuser_id_suffix_customuser_role	2022-09-01 22:10:00.648932+00
180	users	0003_rename_id_suffix_customuser_suffix	2022-09-01 22:10:00.776029+00
181	users	0004_customuser_metadata_studentprofile_and_more	2022-09-01 22:10:01.013742+00
182	users	0005_remove_studentprofile_user	2022-09-01 22:10:01.081965+00
183	users	0006_studentprofile_user	2022-09-01 22:10:01.164712+00
184	users	0007_remove_studentprofile_users_stude_batch_i_378aba_idx_and_more	2022-09-01 22:10:01.321014+00
185	users	0008_customuser_batch_customuser_sort_order	2022-09-01 22:10:01.509049+00
186	users	0009_alter_studentprofile_user	2022-09-01 22:10:01.903911+00
187	users	0010_alter_customuser_batch	2022-09-01 22:10:01.991397+00
188	users	0011_alter_customuser_managers	2022-09-01 22:10:02.066955+00
189	users	0012_alter_customuser_managers	2022-09-01 22:10:02.13804+00
190	users	0013_alter_customuser_managers	2022-09-01 22:10:02.208552+00
191	users	0014_alter_customuser_managers_delete_studentprofile	2022-09-01 22:10:02.296703+00
192	users	0015_alter_customuser_batch	2022-09-01 22:10:02.375404+00
193	users	0016_alter_customuser_options	2022-09-01 22:10:02.451565+00
194	users	0017_alter_customuser_options	2022-09-01 22:10:02.525779+00
195	users	0018_remove_customuser_sort_order_alter_customuser_batch	2022-09-01 22:10:02.677272+00
196	users	0019_alter_customuser_options_customuser_degree_and_more	2022-09-01 22:10:03.144828+00
197	wagtailadmin	0001_create_admin_access_permissions	2022-09-01 22:10:03.259443+00
198	wagtailadmin	0002_admin	2022-09-01 22:10:03.272106+00
199	wagtailadmin	0003_admin_managed	2022-09-01 22:10:03.304112+00
200	wagtailembeds	0001_initial	2022-09-01 22:10:03.350387+00
201	wagtailembeds	0002_add_verbose_names	2022-09-01 22:10:03.367025+00
202	wagtailembeds	0003_capitalizeverbose	2022-09-01 22:10:03.379913+00
203	wagtailembeds	0004_embed_verbose_name_plural	2022-09-01 22:10:03.389628+00
204	wagtailembeds	0005_specify_thumbnail_url_max_length	2022-09-01 22:10:03.404518+00
205	wagtailembeds	0006_add_embed_hash	2022-09-01 22:10:03.422549+00
206	wagtailembeds	0007_populate_hash	2022-09-01 22:10:03.527579+00
207	wagtailembeds	0008_allow_long_urls	2022-09-01 22:10:03.608432+00
208	wagtailembeds	0009_embed_cache_until	2022-09-01 22:10:03.634703+00
209	wagtailforms	0001_initial	2022-09-01 22:10:03.764253+00
210	wagtailforms	0002_add_verbose_names	2022-09-01 22:10:03.876532+00
211	wagtailforms	0003_capitalizeverbose	2022-09-01 22:10:03.9604+00
212	wagtailforms	0004_add_verbose_name_plural	2022-09-01 22:10:04.003249+00
213	wagtailforms	0005_alter_formsubmission_form_data	2022-09-01 22:10:04.066552+00
214	wagtailredirects	0001_initial	2022-09-01 22:10:04.214798+00
215	wagtailredirects	0002_add_verbose_names	2022-09-01 22:10:04.363301+00
216	wagtailredirects	0003_make_site_field_editable	2022-09-01 22:10:04.465407+00
217	wagtailredirects	0004_set_unique_on_path_and_site	2022-09-01 22:10:05.136567+00
218	wagtailredirects	0005_capitalizeverbose	2022-09-01 22:10:05.457938+00
219	wagtailredirects	0006_redirect_increase_max_length	2022-09-01 22:10:05.523541+00
220	wagtailredirects	0007_add_autocreate_fields	2022-09-01 22:10:05.605496+00
221	wagtailredirects	0008_add_verbose_name_plural	2022-09-01 22:10:05.643836+00
222	wagtailsearch	0001_initial	2022-09-01 22:10:05.88981+00
223	wagtailsearch	0002_add_verbose_names	2022-09-01 22:10:06.043245+00
224	wagtailsearch	0003_remove_editors_pick	2022-09-01 22:10:06.117358+00
225	wagtailsearch	0004_querydailyhits_verbose_name_plural	2022-09-01 22:10:06.126145+00
226	wagtailsearch	0005_create_indexentry	2022-09-01 22:10:06.474556+00
227	wagtailsearch	0006_customise_indexentry	2022-09-01 22:10:06.597946+00
228	wagtailusers	0001_initial	2022-09-01 22:10:06.685466+00
229	wagtailusers	0002_add_verbose_name_on_userprofile	2022-09-01 22:10:06.84746+00
230	wagtailusers	0003_add_verbose_names	2022-09-01 22:10:06.897529+00
231	wagtailusers	0004_capitalizeverbose	2022-09-01 22:10:07.062945+00
232	wagtailusers	0005_make_related_name_wagtail_specific	2022-09-01 22:10:07.117825+00
233	wagtailusers	0006_userprofile_prefered_language	2022-09-01 22:10:07.152504+00
234	wagtailusers	0007_userprofile_current_time_zone	2022-09-01 22:10:07.594977+00
235	wagtailusers	0008_userprofile_avatar	2022-09-01 22:10:07.675794+00
236	wagtailusers	0009_userprofile_verbose_name_plural	2022-09-01 22:10:07.756787+00
237	wagtailusers	0010_userprofile_updated_comments_notifications	2022-09-01 22:10:07.824668+00
238	wagtailimages	0001_squashed_0021	2022-09-01 22:10:07.837431+00
239	wagtailcore	0001_squashed_0016_change_page_url_path_to_text_field	2022-09-01 22:10:07.840729+00
\.


--
-- Data for Name: django_session; Type: TABLE DATA; Schema: public; Owner: postgres
--

COPY public.django_session (session_key, session_data, expire_date) FROM stdin;
qjpf6l3apa7fj5f9evims9dz0frbgzn8	.eJxVjEEOgjAQRe_StWmGFobC0r1naKadIlXTEgqJxnh3xbDQ7X_vv6ewtC6jXUuYbWTRi0ocfjdH_hrSBvhC6Zylz2mZo5ObInda5ClzuB139y8wUhk_b6wRCBvgTrUBTW10gwoNdBUjeyTweiDduMFo1XpXqxZcNRBp6JRi-kZLKCXmZMN9ivND9PB6A02LPnI:1oU014:VUN89wamF_gmVd21NCa-fcYF3A5r88NxDmArqMnGGoM	2022-09-16 06:18:58.155891+00
xz1uc832n0xdah8b3bg9pmogl46tc42j	.eJxVjEEOwiAQRe_C2pAOlJZ26d4zEIYZLGrAlDbRGO-uTbrQ7X_vv5dwfl0mt1aeXSIxCiUOvxv6cOW8Abr4fC4ylLzMCeWmyJ1WeSrEt-Pu_gUmX6fvu2_D0CrgXiMoihHRsAVPZmBlWeuOwFLLTdADRsuIXWfARyCjVBMItmjlWlPJjh_3ND_F2Lw_ows_mA:1oU3eN:YTsx6KcpNP6LVYaESnDMZDt2lqEkT1ZYUetusXrkses	2022-09-16 10:11:47.498871+00
yfu6wjdlqtiiv92wu8x3bkpytm6biz86	.eJxVjEEOwiAQRe_C2pAOlJZ26d4zEIYZLGrAlDbRGO-uTbrQ7X_vv5dwfl0mt1aeXSIxCiUOvxv6cOW8Abr4fC4ylLzMCeWmyJ1WeSrEt-Pu_gUmX6fvu2_D0CrgXiMoihHRsAVPZmBlWeuOwFLLTdADRsuIXWfARyCjVBMItmjlWlPJjh_3ND_F2Lw_ows_mA:1oU5PY:e0EeDkj0RkJGpkgBpSq4Sg3KPaOy0KoR9YjeUv9LSD8	2022-09-16 12:04:36.789888+00
mahlcb1qqz37dx7it44cygu7r7ygbyqf	.eJxVjEEOgjAQRe_StWmGFobC0r1naKadIlXTEgqJxnh3xbDQ7X_vv6ewtC6jXUuYbWTRi0ocfjdH_hrSBvhC6Zylz2mZo5ObInda5ClzuB139y8wUhk_b6wRCBvgTrUBTW10gwoNdBUjeyTweiDduMFo1XpXqxZcNRBp6JRi-kZLKCXmZMN9ivND9PB6A02LPnI:1oUP27:Tpdgy3Az0n2INcNt2tcDzYM1CNYPWuH_mzU8r6ZErks	2022-09-17 09:01:43.352354+00
vkllel7fj7vll42g8lelhd8z92xxjsx0	.eJxVjEEOwiAQRe_C2hBsodAu3XsGMsMMFjXQlDbRGO-uTbrQ7X_vv5fwsC6jXyvPPpEYhBWH3w0h3DhvgK6QL0WGkpc5odwUudMqz4X4ftrdv8AIdfy-u6BMZNQRGiSyxyYaG5xlAxiQtEJnVB9bJhO41-w0dV0fmFQDLQC6LVq51lSy58eU5qcY1PsD4G1Alg:1oUPGO:o8nuS4Yzca2zzstBmxrgsCuvJ-LsLMc_rieto8b_a3k	2022-09-17 09:16:28.683689+00
os0xceg3xk2kdzpmpaisiakq0gotozz5	.eJxVjEEOgjAQRe_StWmGFobC0r1naKadIlXTEgqJxnh3xbDQ7X_vv6ewtC6jXUuYbWTRi0ocfjdH_hrSBvhC6Zylz2mZo5ObInda5ClzuB139y8wUhk_b6wRCBvgTrUBTW10gwoNdBUjeyTweiDduMFo1XpXqxZcNRBp6JRi-kZLKCXmZMN9ivND9PB6A02LPnI:1oU6Ai:QPmyd5IFLvSDa1RTTYBu4Mo7ocG8hLtUHBg_75BkWZ4	2022-09-16 12:53:20.316083+00
9h14llc0xrcpzrxqv4o3vplqaqz3jyt6	.eJxVjEEOgjAQRe_StWmGFobC0r1naKadIlXTEgqJxnh3xbDQ7X_vv6ewtC6jXUuYbWTRi0ocfjdH_hrSBvhC6Zylz2mZo5ObInda5ClzuB139y8wUhk_b6wRCBvgTrUBTW10gwoNdBUjeyTweiDduMFo1XpXqxZcNRBp6JRi-kZLKCXmZMN9ivND9PB6A02LPnI:1oU72S:47CDaTivodgIOkTlwIpSljX_VPorghk9yVddP2An2WI	2022-09-16 13:48:52.170624+00
2zh5iuwn2xmz7oohi5zwov6sic5g7kzd	.eJxVjEEOgjAQRe_StWmGFobC0r1naKadIlXTEgqJxnh3xbDQ7X_vv6ewtC6jXUuYbWTRi0ocfjdH_hrSBvhC6Zylz2mZo5ObInda5ClzuB139y8wUhk_b6wRCBvgTrUBTW10gwoNdBUjeyTweiDduMFo1XpXqxZcNRBp6JRi-kZLKCXmZMN9ivND9PB6A02LPnI:1oU7x0:HvUY9II0ywbGWhLj1yUskSbSbH1k1B21z90zASb5RpQ	2022-09-16 14:47:18.743832+00
dtgz6hzfee9coyvszq6xbp6z1g0gvsta	.eJxVjEEOwiAQRe_C2pAOlJZ26d4zEIYZLGrAlDbRGO-uTbrQ7X_vv5dwfl0mt1aeXSIxCiUOvxv6cOW8Abr4fC4ylLzMCeWmyJ1WeSrEt-Pu_gUmX6fvu2_D0CrgXiMoihHRsAVPZmBlWeuOwFLLTdADRsuIXWfARyCjVBMItmjlWlPJjh_3ND_F2Lw_ows_mA:1oULmi:ew1hjNnTBqOI_dmeqIfuCSR74iM_86y-WRxtCOe7JUs	2022-09-17 05:33:36.749997+00
di4ed7zdz4u6e8o3bi3f3265zg5eq5vg	.eJxVjEEOwiAQRe_C2hCYloJduvcMZGCmFjXQlDbRGO-uTbrQ7X_vv5fwuC6jXyvPPpHohQZx-B0DxhvnjdAV86XIWPIypyA3Re60ynMhvp929y8wYh2_byYE6iJpiATqqNhaCrY1GkKDLRlkNkZb0qwa2zkYlBuUBtcO6KJhvUUr15pK9vyY0vwUvXp_AMbzP14:1oUMby:ogkoGDc0VbVy_zTP6WG7VJtku-DYE9Cq-ouCMSq14k8	2022-09-17 06:26:34.16103+00
\.


--
-- Data for Name: institutes_customdocument; Type: TABLE DATA; Schema: public; Owner: postgres
--

COPY public.institutes_customdocument (id, title, file, created_at, file_size, file_hash, collection_id, institute_id, uploaded_by_user_id, data, batch_id, department_id, prev_hash) FROM stdin;
3	test_excel (1)	documents/test_excel_1_Rl0qw9R.xlsx	2022-09-02 13:05:38.453224+00	256928	f250b550eae79cf885c65917a049f790f4c0137e	16	\N	7	"{\\"sheets\\": [\\"YE\\"], \\"has_task\\": false, \\"excel_data\\": {\\"YE\\": [{\\"Sl. No.\\": 1, \\"Student's ID\\": \\"2016-1-1-001\\", \\"Student's Name\\": \\"ABCDEFGH\\", \\"CGPA\\": 3.957317073, \\"Result\\": \\"Promoted\\", \\"Term GPA\\": 3.931818182, \\"Physics-II\\": \\"4.00\\", \\"Chemistry-II\\": \\"4.00\\", \\"Machine Shop Practice \\": \\"4.00\\", \\"Computer Programming\\": \\"4.00\\", \\"\\\\u2211Ci\\\\u00d7Gi  of the Term\\": 86.5, \\"Total Credits Taken in this Term\\\\n[L-1 T-II, E-2016]\\": 22, \\"Total Credits Completed in this Term\\\\n[L-1 T-II, E-2016]\\": 22, \\"\\\\u2211Ci\\\\u00d7Gi  upto Immediate Past Term\\\\n[L-1 T-I, E-2016]\\": 75.75, \\"Total Credits Completed upto \\\\nImmediate Past Term [L-1 T-I, E-2016]\\": 19, \\"\\\\u2211Ci\\\\u00d7Gi  upto this Term\\": 162.25, \\"Total Credits Taken upto this Term\\\\n[L-1 T-II, E-2016]\\": 41, \\"Total Credits Completed upto this Term\\\\n[L-1 T-II, E-2016]\\": 41, \\"Fail  Subject(s)\\": \\"\\", \\"Remarks\\": \\"\\", \\"Subjects\\": {\\"Mathematics-II\\": {\\"credits\\": \\"3\\", \\"code\\": \\" MS 103\\", \\"Continuous Assess. (28%)\\": 24.5, \\"Term Final (72%)\\": 32.5, \\"Total (100%)\\": 93, \\"Letter Grade\\": \\"A+\\", \\"Grade Point\\": \\"4.00\\"}, \\"Physics-II\\": {\\"credits\\": \\"3\\", \\"code\\": \\" PHY 103\\", \\"Continuous Assess. (28%)\\": 26, \\"Term Final (72%)\\": 32, \\"Total (100%)\\": 94, \\"Letter Grade\\": \\"A+\\", \\"Grade Point\\": \\"4.00\\"}, \\"Chemistry-II\\": {\\"credits\\": \\"3\\", \\"code\\": \\" CHEM 103\\", \\"Continuous Assess. (28%)\\": 25, \\"Term Final (72%)\\": 30.5, \\"Total (100%)\\": 77, \\"Letter Grade\\": \\"A\\", \\"Grade Point\\": \\"3.75\\"}, \\"Polymer Science & Engineering \\": {\\"credits\\": \\"3\\", \\"code\\": \\" WPE 101\\", \\"Continuous Assess. (28%)\\": 24, \\"Term Final (72%)\\": 23.5, \\"Total (100%)\\": 77, \\"Letter Grade\\": \\"A\\", \\"Grade Point\\": \\"3.75\\"}, \\"Engineering Materials\\": {\\"credits\\": \\"3\\", \\"code\\": \\" IPE 101\\", \\"Continuous Assess. (28%)\\": 26, \\"Term Final (72%)\\": 33, \\"Total (100%)\\": 90, \\"Letter Grade\\": \\"A+\\", \\"Grade Point\\": \\"4.00\\"}, \\"Computer Programming\\": {\\"credits\\": \\"3\\", \\"code\\": \\" MDM 101\\", \\"Continuous Assess. (28%)\\": 23.5, \\"Term Final (72%)\\": 33, \\"Total (100%)\\": 91, \\"Letter Grade\\": \\"A+\\", \\"Grade Point\\": \\"4.00\\"}}}, {\\"Sl. No.\\": 2, \\"Student's ID\\": \\"2016-1-1-002\\", \\"Student's Name\\": \\"ABCDEFGH\\", \\"CGPA\\": 3.432926829, \\"Result\\": \\"Promoted\\", \\"Term GPA\\": 3.443181818, \\"Physics-II\\": \\"3.75\\", \\"Chemistry-II\\": \\"3.50\\", \\"Machine Shop Practice \\": \\"3.75\\", \\"Computer Programming\\": \\"4.00\\", \\"\\\\u2211Ci\\\\u00d7Gi  of the Term\\": 75.75, \\"Total Credits Taken in this Term\\\\n[L-1 T-II, E-2016]\\": 22, \\"Total Credits Completed in this Term\\\\n[L-1 T-II, E-2016]\\": 22, \\"\\\\u2211Ci\\\\u00d7Gi  upto Immediate Past Term\\\\n[L-1 T-I, E-2016]\\": 65, \\"Total Credits Completed upto \\\\nImmediate Past Term [L-1 T-I, E-2016]\\": 19, \\"\\\\u2211Ci\\\\u00d7Gi  upto this Term\\": 140.75, \\"Total Credits Taken upto this Term\\\\n[L-1 T-II, E-2016]\\": 41, \\"Total Credits Completed upto this Term\\\\n[L-1 T-II, E-2016]\\": 41, \\"Fail  Subject(s)\\": \\"\\", \\"Remarks\\": \\"\\", \\"Subjects\\": {\\"Mathematics-II\\": {\\"credits\\": \\"3\\", \\"code\\": \\" MS 103\\", \\"Continuous Assess. (28%)\\": 23, \\"Term Final (72%)\\": 8.5, \\"Total (100%)\\": 67, \\"Letter Grade\\": \\"B+\\", \\"Grade Point\\": \\"3.25\\"}, \\"Physics-II\\": {\\"credits\\": \\"3\\", \\"code\\": \\" PHY 103\\", \\"Continuous Assess. (28%)\\": 20.5, \\"Term Final (72%)\\": 29, \\"Total (100%)\\": 72, \\"Letter Grade\\": \\"A-\\", \\"Grade Point\\": \\"3.50\\"}, \\"Chemistry-II\\": {\\"credits\\": \\"3\\", \\"code\\": \\" CHEM 103\\", \\"Continuous Assess. (28%)\\": 22.5, \\"Term Final (72%)\\": 28, \\"Total (100%)\\": 70, \\"Letter Grade\\": \\"A-\\", \\"Grade Point\\": \\"3.50\\"}, \\"Polymer Science & Engineering \\": {\\"credits\\": \\"3\\", \\"code\\": \\" WPE 101\\", \\"Continuous Assess. (28%)\\": 21.5, \\"Term Final (72%)\\": 22, \\"Total (100%)\\": 66, \\"Letter Grade\\": \\"B+\\", \\"Grade Point\\": \\"3.25\\"}, \\"Engineering Materials\\": {\\"credits\\": \\"3\\", \\"code\\": \\" IPE 101\\", \\"Continuous Assess. (28%)\\": 20.5, \\"Term Final (72%)\\": 11, \\"Total (100%)\\": 56, \\"Letter Grade\\": \\"B-\\", \\"Grade Point\\": \\"2.75\\"}, \\"Computer Programming\\": {\\"credits\\": \\"3\\", \\"code\\": \\" MDM 101\\", \\"Continuous Assess. (28%)\\": 24, \\"Term Final (72%)\\": 26, \\"Total (100%)\\": 80, \\"Letter Grade\\": \\"A+\\", \\"Grade Point\\": \\"4.00\\"}}}]}, \\"error_message\\": \\"\\\\n\\\\n                Total records found 4 \\\\n\\\\n                missing student data 1\\\\n                \\", \\"student_records\\": {\\"match\\": 3, \\"total\\": 4, \\"missing\\": 1}, \\"student_records_id\\": 3}"	1	1	f250b550eae79cf885c65917a049f790f4c0137e
1	test_excel (1)	documents/test_excel_1.xlsx	2022-09-02 12:54:28.991972+00	256928	f250b550eae79cf885c65917a049f790f4c0137e	16	\N	7	"{\\"sheets\\": [\\"YE\\"], \\"has_task\\": false, \\"excel_data\\": {\\"YE\\": [{\\"Sl. No.\\": 1, \\"Student's ID\\": \\"2016-1-1-001\\", \\"Student's Name\\": \\"ABCDEFGH\\", \\"CGPA\\": 3.957317073, \\"Result\\": \\"Promoted\\", \\"Term GPA\\": 3.931818182, \\"Physics-II\\": \\"4.00\\", \\"Chemistry-II\\": \\"4.00\\", \\"Machine Shop Practice \\": \\"4.00\\", \\"Computer Programming\\": \\"4.00\\", \\"\\\\u2211Ci\\\\u00d7Gi  of the Term\\": 86.5, \\"Total Credits Taken in this Term\\\\n[L-1 T-II, E-2016]\\": 22, \\"Total Credits Completed in this Term\\\\n[L-1 T-II, E-2016]\\": 22, \\"\\\\u2211Ci\\\\u00d7Gi  upto Immediate Past Term\\\\n[L-1 T-I, E-2016]\\": 75.75, \\"Total Credits Completed upto \\\\nImmediate Past Term [L-1 T-I, E-2016]\\": 19, \\"\\\\u2211Ci\\\\u00d7Gi  upto this Term\\": 162.25, \\"Total Credits Taken upto this Term\\\\n[L-1 T-II, E-2016]\\": 41, \\"Total Credits Completed upto this Term\\\\n[L-1 T-II, E-2016]\\": 41, \\"Fail  Subject(s)\\": \\"\\", \\"Remarks\\": \\"\\", \\"Subjects\\": {\\"Mathematics-II\\": {\\"credits\\": \\"3\\", \\"code\\": \\" MS 103\\", \\"Continuous Assess. (28%)\\": 24.5, \\"Term Final (72%)\\": 32.5, \\"Total (100%)\\": 93, \\"Letter Grade\\": \\"A+\\", \\"Grade Point\\": \\"4.00\\"}, \\"Physics-II\\": {\\"credits\\": \\"3\\", \\"code\\": \\" PHY 103\\", \\"Continuous Assess. (28%)\\": 26, \\"Term Final (72%)\\": 32, \\"Total (100%)\\": 94, \\"Letter Grade\\": \\"A+\\", \\"Grade Point\\": \\"4.00\\"}, \\"Chemistry-II\\": {\\"credits\\": \\"3\\", \\"code\\": \\" CHEM 103\\", \\"Continuous Assess. (28%)\\": 25, \\"Term Final (72%)\\": 30.5, \\"Total (100%)\\": 77, \\"Letter Grade\\": \\"A\\", \\"Grade Point\\": \\"3.75\\"}, \\"Polymer Science & Engineering \\": {\\"credits\\": \\"3\\", \\"code\\": \\" WPE 101\\", \\"Continuous Assess. (28%)\\": 24, \\"Term Final (72%)\\": 23.5, \\"Total (100%)\\": 77, \\"Letter Grade\\": \\"A\\", \\"Grade Point\\": \\"3.75\\"}, \\"Engineering Materials\\": {\\"credits\\": \\"3\\", \\"code\\": \\" IPE 101\\", \\"Continuous Assess. (28%)\\": 26, \\"Term Final (72%)\\": 33, \\"Total (100%)\\": 90, \\"Letter Grade\\": \\"A+\\", \\"Grade Point\\": \\"4.00\\"}, \\"Computer Programming\\": {\\"credits\\": \\"3\\", \\"code\\": \\" MDM 101\\", \\"Continuous Assess. (28%)\\": 23.5, \\"Term Final (72%)\\": 33, \\"Total (100%)\\": 91, \\"Letter Grade\\": \\"A+\\", \\"Grade Point\\": \\"4.00\\"}}}, {\\"Sl. No.\\": 2, \\"Student's ID\\": \\"2016-1-1-002\\", \\"Student's Name\\": \\"ABCDEFGH\\", \\"CGPA\\": 3.432926829, \\"Result\\": \\"Promoted\\", \\"Term GPA\\": 3.443181818, \\"Physics-II\\": \\"3.75\\", \\"Chemistry-II\\": \\"3.50\\", \\"Machine Shop Practice \\": \\"3.75\\", \\"Computer Programming\\": \\"4.00\\", \\"\\\\u2211Ci\\\\u00d7Gi  of the Term\\": 75.75, \\"Total Credits Taken in this Term\\\\n[L-1 T-II, E-2016]\\": 22, \\"Total Credits Completed in this Term\\\\n[L-1 T-II, E-2016]\\": 22, \\"\\\\u2211Ci\\\\u00d7Gi  upto Immediate Past Term\\\\n[L-1 T-I, E-2016]\\": 65, \\"Total Credits Completed upto \\\\nImmediate Past Term [L-1 T-I, E-2016]\\": 19, \\"\\\\u2211Ci\\\\u00d7Gi  upto this Term\\": 140.75, \\"Total Credits Taken upto this Term\\\\n[L-1 T-II, E-2016]\\": 41, \\"Total Credits Completed upto this Term\\\\n[L-1 T-II, E-2016]\\": 41, \\"Fail  Subject(s)\\": \\"\\", \\"Remarks\\": \\"\\", \\"Subjects\\": {\\"Mathematics-II\\": {\\"credits\\": \\"3\\", \\"code\\": \\" MS 103\\", \\"Continuous Assess. (28%)\\": 23, \\"Term Final (72%)\\": 8.5, \\"Total (100%)\\": 67, \\"Letter Grade\\": \\"B+\\", \\"Grade Point\\": \\"3.25\\"}, \\"Physics-II\\": {\\"credits\\": \\"3\\", \\"code\\": \\" PHY 103\\", \\"Continuous Assess. (28%)\\": 20.5, \\"Term Final (72%)\\": 29, \\"Total (100%)\\": 72, \\"Letter Grade\\": \\"A-\\", \\"Grade Point\\": \\"3.50\\"}, \\"Chemistry-II\\": {\\"credits\\": \\"3\\", \\"code\\": \\" CHEM 103\\", \\"Continuous Assess. (28%)\\": 22.5, \\"Term Final (72%)\\": 28, \\"Total (100%)\\": 70, \\"Letter Grade\\": \\"A-\\", \\"Grade Point\\": \\"3.50\\"}, \\"Polymer Science & Engineering \\": {\\"credits\\": \\"3\\", \\"code\\": \\" WPE 101\\", \\"Continuous Assess. (28%)\\": 21.5, \\"Term Final (72%)\\": 22, \\"Total (100%)\\": 66, \\"Letter Grade\\": \\"B+\\", \\"Grade Point\\": \\"3.25\\"}, \\"Engineering Materials\\": {\\"credits\\": \\"3\\", \\"code\\": \\" IPE 101\\", \\"Continuous Assess. (28%)\\": 20.5, \\"Term Final (72%)\\": 11, \\"Total (100%)\\": 56, \\"Letter Grade\\": \\"B-\\", \\"Grade Point\\": \\"2.75\\"}, \\"Computer Programming\\": {\\"credits\\": \\"3\\", \\"code\\": \\" MDM 101\\", \\"Continuous Assess. (28%)\\": 24, \\"Term Final (72%)\\": 26, \\"Total (100%)\\": 80, \\"Letter Grade\\": \\"A+\\", \\"Grade Point\\": \\"4.00\\"}}}]}, \\"error_message\\": \\"\\\\n\\\\n                Total records found 2 \\\\n\\\\n                missing student data 2\\\\n                \\", \\"student_records\\": {\\"match\\": 0, \\"total\\": 2, \\"missing\\": 2}, \\"student_records_id\\": 1}"	1	1	f250b550eae79cf885c65917a049f790f4c0137e
2	test_excel (1)	documents/test_excel_1_FXDBFeF.xlsx	2022-09-02 13:01:13.200276+00	256928	f250b550eae79cf885c65917a049f790f4c0137e	16	\N	7	"{\\"sheets\\": [\\"YE\\"], \\"has_task\\": false, \\"excel_data\\": {\\"YE\\": [{\\"Sl. No.\\": 1, \\"Student's ID\\": \\"2016-1-1-001\\", \\"Student's Name\\": \\"ABCDEFGH\\", \\"CGPA\\": 3.957317073, \\"Result\\": \\"Promoted\\", \\"Term GPA\\": 3.931818182, \\"Physics-II\\": \\"4.00\\", \\"Chemistry-II\\": \\"4.00\\", \\"Machine Shop Practice \\": \\"4.00\\", \\"Computer Programming\\": \\"4.00\\", \\"\\\\u2211Ci\\\\u00d7Gi  of the Term\\": 86.5, \\"Total Credits Taken in this Term\\\\n[L-1 T-II, E-2016]\\": 22, \\"Total Credits Completed in this Term\\\\n[L-1 T-II, E-2016]\\": 22, \\"\\\\u2211Ci\\\\u00d7Gi  upto Immediate Past Term\\\\n[L-1 T-I, E-2016]\\": 75.75, \\"Total Credits Completed upto \\\\nImmediate Past Term [L-1 T-I, E-2016]\\": 19, \\"\\\\u2211Ci\\\\u00d7Gi  upto this Term\\": 162.25, \\"Total Credits Taken upto this Term\\\\n[L-1 T-II, E-2016]\\": 41, \\"Total Credits Completed upto this Term\\\\n[L-1 T-II, E-2016]\\": 41, \\"Fail  Subject(s)\\": \\"\\", \\"Remarks\\": \\"\\", \\"Subjects\\": {\\"Mathematics-II\\": {\\"credits\\": \\"3\\", \\"code\\": \\" MS 103\\", \\"Continuous Assess. (28%)\\": 24.5, \\"Term Final (72%)\\": 32.5, \\"Total (100%)\\": 93, \\"Letter Grade\\": \\"A+\\", \\"Grade Point\\": \\"4.00\\"}, \\"Physics-II\\": {\\"credits\\": \\"3\\", \\"code\\": \\" PHY 103\\", \\"Continuous Assess. (28%)\\": 26, \\"Term Final (72%)\\": 32, \\"Total (100%)\\": 94, \\"Letter Grade\\": \\"A+\\", \\"Grade Point\\": \\"4.00\\"}, \\"Chemistry-II\\": {\\"credits\\": \\"3\\", \\"code\\": \\" CHEM 103\\", \\"Continuous Assess. (28%)\\": 25, \\"Term Final (72%)\\": 30.5, \\"Total (100%)\\": 77, \\"Letter Grade\\": \\"A\\", \\"Grade Point\\": \\"3.75\\"}, \\"Polymer Science & Engineering \\": {\\"credits\\": \\"3\\", \\"code\\": \\" WPE 101\\", \\"Continuous Assess. (28%)\\": 24, \\"Term Final (72%)\\": 23.5, \\"Total (100%)\\": 77, \\"Letter Grade\\": \\"A\\", \\"Grade Point\\": \\"3.75\\"}, \\"Engineering Materials\\": {\\"credits\\": \\"3\\", \\"code\\": \\" IPE 101\\", \\"Continuous Assess. (28%)\\": 26, \\"Term Final (72%)\\": 33, \\"Total (100%)\\": 90, \\"Letter Grade\\": \\"A+\\", \\"Grade Point\\": \\"4.00\\"}, \\"Computer Programming\\": {\\"credits\\": \\"3\\", \\"code\\": \\" MDM 101\\", \\"Continuous Assess. (28%)\\": 23.5, \\"Term Final (72%)\\": 33, \\"Total (100%)\\": 91, \\"Letter Grade\\": \\"A+\\", \\"Grade Point\\": \\"4.00\\"}}}, {\\"Sl. No.\\": 2, \\"Student's ID\\": \\"2016-1-1-002\\", \\"Student's Name\\": \\"ABCDEFGH\\", \\"CGPA\\": 3.432926829, \\"Result\\": \\"Promoted\\", \\"Term GPA\\": 3.443181818, \\"Physics-II\\": \\"3.75\\", \\"Chemistry-II\\": \\"3.50\\", \\"Machine Shop Practice \\": \\"3.75\\", \\"Computer Programming\\": \\"4.00\\", \\"\\\\u2211Ci\\\\u00d7Gi  of the Term\\": 75.75, \\"Total Credits Taken in this Term\\\\n[L-1 T-II, E-2016]\\": 22, \\"Total Credits Completed in this Term\\\\n[L-1 T-II, E-2016]\\": 22, \\"\\\\u2211Ci\\\\u00d7Gi  upto Immediate Past Term\\\\n[L-1 T-I, E-2016]\\": 65, \\"Total Credits Completed upto \\\\nImmediate Past Term [L-1 T-I, E-2016]\\": 19, \\"\\\\u2211Ci\\\\u00d7Gi  upto this Term\\": 140.75, \\"Total Credits Taken upto this Term\\\\n[L-1 T-II, E-2016]\\": 41, \\"Total Credits Completed upto this Term\\\\n[L-1 T-II, E-2016]\\": 41, \\"Fail  Subject(s)\\": \\"\\", \\"Remarks\\": \\"\\", \\"Subjects\\": {\\"Mathematics-II\\": {\\"credits\\": \\"3\\", \\"code\\": \\" MS 103\\", \\"Continuous Assess. (28%)\\": 23, \\"Term Final (72%)\\": 8.5, \\"Total (100%)\\": 67, \\"Letter Grade\\": \\"B+\\", \\"Grade Point\\": \\"3.25\\"}, \\"Physics-II\\": {\\"credits\\": \\"3\\", \\"code\\": \\" PHY 103\\", \\"Continuous Assess. (28%)\\": 20.5, \\"Term Final (72%)\\": 29, \\"Total (100%)\\": 72, \\"Letter Grade\\": \\"A-\\", \\"Grade Point\\": \\"3.50\\"}, \\"Chemistry-II\\": {\\"credits\\": \\"3\\", \\"code\\": \\" CHEM 103\\", \\"Continuous Assess. (28%)\\": 22.5, \\"Term Final (72%)\\": 28, \\"Total (100%)\\": 70, \\"Letter Grade\\": \\"A-\\", \\"Grade Point\\": \\"3.50\\"}, \\"Polymer Science & Engineering \\": {\\"credits\\": \\"3\\", \\"code\\": \\" WPE 101\\", \\"Continuous Assess. (28%)\\": 21.5, \\"Term Final (72%)\\": 22, \\"Total (100%)\\": 66, \\"Letter Grade\\": \\"B+\\", \\"Grade Point\\": \\"3.25\\"}, \\"Engineering Materials\\": {\\"credits\\": \\"3\\", \\"code\\": \\" IPE 101\\", \\"Continuous Assess. (28%)\\": 20.5, \\"Term Final (72%)\\": 11, \\"Total (100%)\\": 56, \\"Letter Grade\\": \\"B-\\", \\"Grade Point\\": \\"2.75\\"}, \\"Computer Programming\\": {\\"credits\\": \\"3\\", \\"code\\": \\" MDM 101\\", \\"Continuous Assess. (28%)\\": 24, \\"Term Final (72%)\\": 26, \\"Total (100%)\\": 80, \\"Letter Grade\\": \\"A+\\", \\"Grade Point\\": \\"4.00\\"}}}]}, \\"error_message\\": \\"\\\\n\\\\n                Total records found 2 \\\\n\\\\n                missing student data 1\\\\n                \\", \\"student_records\\": {\\"match\\": 1, \\"total\\": 2, \\"missing\\": 1}, \\"student_records_id\\": 2}"	1	1	f250b550eae79cf885c65917a049f790f4c0137e
5	test_excel (1)	documents/test_excel_1_LN1xnEU.xlsx	2022-09-02 13:35:19.735659+00	256928	f250b550eae79cf885c65917a049f790f4c0137e	16	\N	7	"{\\"sheets\\": [\\"YE\\"], \\"has_task\\": false, \\"excel_data\\": {\\"YE\\": [{\\"Sl. No.\\": 1, \\"Student's ID\\": \\"2016-1-1-001\\", \\"Student's Name\\": \\"ABCDEFGH\\", \\"CGPA\\": 3.957317073, \\"Result\\": \\"Promoted\\", \\"Term GPA\\": 3.931818182, \\"Physics-II\\": \\"4.00\\", \\"Chemistry-II\\": \\"4.00\\", \\"Machine Shop Practice \\": \\"4.00\\", \\"Computer Programming\\": \\"4.00\\", \\"\\\\u2211Ci\\\\u00d7Gi  of the Term\\": 86.5, \\"Total Credits Taken in this Term\\\\n[L-1 T-II, E-2016]\\": 22, \\"Total Credits Completed in this Term\\\\n[L-1 T-II, E-2016]\\": 22, \\"\\\\u2211Ci\\\\u00d7Gi  upto Immediate Past Term\\\\n[L-1 T-I, E-2016]\\": 75.75, \\"Total Credits Completed upto \\\\nImmediate Past Term [L-1 T-I, E-2016]\\": 19, \\"\\\\u2211Ci\\\\u00d7Gi  upto this Term\\": 162.25, \\"Total Credits Taken upto this Term\\\\n[L-1 T-II, E-2016]\\": 41, \\"Total Credits Completed upto this Term\\\\n[L-1 T-II, E-2016]\\": 41, \\"Fail  Subject(s)\\": \\"\\", \\"Remarks\\": \\"\\", \\"Subjects\\": {\\"Mathematics-II\\": {\\"credits\\": \\"3\\", \\"code\\": \\" MS 103\\", \\"Continuous Assess. (28%)\\": 24.5, \\"Term Final (72%)\\": 32.5, \\"Total (100%)\\": 93, \\"Letter Grade\\": \\"A+\\", \\"Grade Point\\": \\"4.00\\"}, \\"Physics-II\\": {\\"credits\\": \\"3\\", \\"code\\": \\" PHY 103\\", \\"Continuous Assess. (28%)\\": 26, \\"Term Final (72%)\\": 32, \\"Total (100%)\\": 94, \\"Letter Grade\\": \\"A+\\", \\"Grade Point\\": \\"4.00\\"}, \\"Chemistry-II\\": {\\"credits\\": \\"3\\", \\"code\\": \\" CHEM 103\\", \\"Continuous Assess. (28%)\\": 25, \\"Term Final (72%)\\": 30.5, \\"Total (100%)\\": 77, \\"Letter Grade\\": \\"A\\", \\"Grade Point\\": \\"3.75\\"}, \\"Polymer Science & Engineering \\": {\\"credits\\": \\"3\\", \\"code\\": \\" WPE 101\\", \\"Continuous Assess. (28%)\\": 24, \\"Term Final (72%)\\": 23.5, \\"Total (100%)\\": 77, \\"Letter Grade\\": \\"A\\", \\"Grade Point\\": \\"3.75\\"}, \\"Engineering Materials\\": {\\"credits\\": \\"3\\", \\"code\\": \\" IPE 101\\", \\"Continuous Assess. (28%)\\": 26, \\"Term Final (72%)\\": 33, \\"Total (100%)\\": 90, \\"Letter Grade\\": \\"A+\\", \\"Grade Point\\": \\"4.00\\"}, \\"Computer Programming\\": {\\"credits\\": \\"3\\", \\"code\\": \\" MDM 101\\", \\"Continuous Assess. (28%)\\": 23.5, \\"Term Final (72%)\\": 33, \\"Total (100%)\\": 91, \\"Letter Grade\\": \\"A+\\", \\"Grade Point\\": \\"4.00\\"}}}, {\\"Sl. No.\\": 2, \\"Student's ID\\": \\"2016-1-1-002\\", \\"Student's Name\\": \\"ABCDEFGH\\", \\"CGPA\\": 3.432926829, \\"Result\\": \\"Promoted\\", \\"Term GPA\\": 3.443181818, \\"Physics-II\\": \\"3.75\\", \\"Chemistry-II\\": \\"3.50\\", \\"Machine Shop Practice \\": \\"3.75\\", \\"Computer Programming\\": \\"4.00\\", \\"\\\\u2211Ci\\\\u00d7Gi  of the Term\\": 75.75, \\"Total Credits Taken in this Term\\\\n[L-1 T-II, E-2016]\\": 22, \\"Total Credits Completed in this Term\\\\n[L-1 T-II, E-2016]\\": 22, \\"\\\\u2211Ci\\\\u00d7Gi  upto Immediate Past Term\\\\n[L-1 T-I, E-2016]\\": 65, \\"Total Credits Completed upto \\\\nImmediate Past Term [L-1 T-I, E-2016]\\": 19, \\"\\\\u2211Ci\\\\u00d7Gi  upto this Term\\": 140.75, \\"Total Credits Taken upto this Term\\\\n[L-1 T-II, E-2016]\\": 41, \\"Total Credits Completed upto this Term\\\\n[L-1 T-II, E-2016]\\": 41, \\"Fail  Subject(s)\\": \\"\\", \\"Remarks\\": \\"\\", \\"Subjects\\": {\\"Mathematics-II\\": {\\"credits\\": \\"3\\", \\"code\\": \\" MS 103\\", \\"Continuous Assess. (28%)\\": 23, \\"Term Final (72%)\\": 8.5, \\"Total (100%)\\": 67, \\"Letter Grade\\": \\"B+\\", \\"Grade Point\\": \\"3.25\\"}, \\"Physics-II\\": {\\"credits\\": \\"3\\", \\"code\\": \\" PHY 103\\", \\"Continuous Assess. (28%)\\": 20.5, \\"Term Final (72%)\\": 29, \\"Total (100%)\\": 72, \\"Letter Grade\\": \\"A-\\", \\"Grade Point\\": \\"3.50\\"}, \\"Chemistry-II\\": {\\"credits\\": \\"3\\", \\"code\\": \\" CHEM 103\\", \\"Continuous Assess. (28%)\\": 22.5, \\"Term Final (72%)\\": 28, \\"Total (100%)\\": 70, \\"Letter Grade\\": \\"A-\\", \\"Grade Point\\": \\"3.50\\"}, \\"Polymer Science & Engineering \\": {\\"credits\\": \\"3\\", \\"code\\": \\" WPE 101\\", \\"Continuous Assess. (28%)\\": 21.5, \\"Term Final (72%)\\": 22, \\"Total (100%)\\": 66, \\"Letter Grade\\": \\"B+\\", \\"Grade Point\\": \\"3.25\\"}, \\"Engineering Materials\\": {\\"credits\\": \\"3\\", \\"code\\": \\" IPE 101\\", \\"Continuous Assess. (28%)\\": 20.5, \\"Term Final (72%)\\": 11, \\"Total (100%)\\": 56, \\"Letter Grade\\": \\"B-\\", \\"Grade Point\\": \\"2.75\\"}, \\"Computer Programming\\": {\\"credits\\": \\"3\\", \\"code\\": \\" MDM 101\\", \\"Continuous Assess. (28%)\\": 24, \\"Term Final (72%)\\": 26, \\"Total (100%)\\": 80, \\"Letter Grade\\": \\"A+\\", \\"Grade Point\\": \\"4.00\\"}}}]}, \\"error_message\\": null, \\"student_records\\": {\\"match\\": 2, \\"total\\": 2, \\"missing\\": 0}, \\"student_records_id\\": 5}"	1	1	f250b550eae79cf885c65917a049f790f4c0137e
4	test_excel (1)	documents/test_excel_1_nOdytNJ.xlsx	2022-09-02 13:06:56.645896+00	256928	f250b550eae79cf885c65917a049f790f4c0137e	16	\N	7	"{\\"sheets\\": [\\"YE\\"], \\"has_task\\": false, \\"excel_data\\": {\\"YE\\": [{\\"Sl. No.\\": 1, \\"Student's ID\\": \\"2016-1-1-001\\", \\"Student's Name\\": \\"ABCDEFGH\\", \\"CGPA\\": 3.957317073, \\"Result\\": \\"Promoted\\", \\"Term GPA\\": 3.931818182, \\"Physics-II\\": \\"4.00\\", \\"Chemistry-II\\": \\"4.00\\", \\"Machine Shop Practice \\": \\"4.00\\", \\"Computer Programming\\": \\"4.00\\", \\"\\\\u2211Ci\\\\u00d7Gi  of the Term\\": 86.5, \\"Total Credits Taken in this Term\\\\n[L-1 T-II, E-2016]\\": 22, \\"Total Credits Completed in this Term\\\\n[L-1 T-II, E-2016]\\": 22, \\"\\\\u2211Ci\\\\u00d7Gi  upto Immediate Past Term\\\\n[L-1 T-I, E-2016]\\": 75.75, \\"Total Credits Completed upto \\\\nImmediate Past Term [L-1 T-I, E-2016]\\": 19, \\"\\\\u2211Ci\\\\u00d7Gi  upto this Term\\": 162.25, \\"Total Credits Taken upto this Term\\\\n[L-1 T-II, E-2016]\\": 41, \\"Total Credits Completed upto this Term\\\\n[L-1 T-II, E-2016]\\": 41, \\"Fail  Subject(s)\\": \\"\\", \\"Remarks\\": \\"\\", \\"Subjects\\": {\\"Mathematics-II\\": {\\"credits\\": \\"3\\", \\"code\\": \\" MS 103\\", \\"Continuous Assess. (28%)\\": 24.5, \\"Term Final (72%)\\": 32.5, \\"Total (100%)\\": 93, \\"Letter Grade\\": \\"A+\\", \\"Grade Point\\": \\"4.00\\"}, \\"Physics-II\\": {\\"credits\\": \\"3\\", \\"code\\": \\" PHY 103\\", \\"Continuous Assess. (28%)\\": 26, \\"Term Final (72%)\\": 32, \\"Total (100%)\\": 94, \\"Letter Grade\\": \\"A+\\", \\"Grade Point\\": \\"4.00\\"}, \\"Chemistry-II\\": {\\"credits\\": \\"3\\", \\"code\\": \\" CHEM 103\\", \\"Continuous Assess. (28%)\\": 25, \\"Term Final (72%)\\": 30.5, \\"Total (100%)\\": 77, \\"Letter Grade\\": \\"A\\", \\"Grade Point\\": \\"3.75\\"}, \\"Polymer Science & Engineering \\": {\\"credits\\": \\"3\\", \\"code\\": \\" WPE 101\\", \\"Continuous Assess. (28%)\\": 24, \\"Term Final (72%)\\": 23.5, \\"Total (100%)\\": 77, \\"Letter Grade\\": \\"A\\", \\"Grade Point\\": \\"3.75\\"}, \\"Engineering Materials\\": {\\"credits\\": \\"3\\", \\"code\\": \\" IPE 101\\", \\"Continuous Assess. (28%)\\": 26, \\"Term Final (72%)\\": 33, \\"Total (100%)\\": 90, \\"Letter Grade\\": \\"A+\\", \\"Grade Point\\": \\"4.00\\"}, \\"Computer Programming\\": {\\"credits\\": \\"3\\", \\"code\\": \\" MDM 101\\", \\"Continuous Assess. (28%)\\": 23.5, \\"Term Final (72%)\\": 33, \\"Total (100%)\\": 91, \\"Letter Grade\\": \\"A+\\", \\"Grade Point\\": \\"4.00\\"}}}, {\\"Sl. No.\\": 2, \\"Student's ID\\": \\"2016-1-1-002\\", \\"Student's Name\\": \\"ABCDEFGH\\", \\"CGPA\\": 3.432926829, \\"Result\\": \\"Promoted\\", \\"Term GPA\\": 3.443181818, \\"Physics-II\\": \\"3.75\\", \\"Chemistry-II\\": \\"3.50\\", \\"Machine Shop Practice \\": \\"3.75\\", \\"Computer Programming\\": \\"4.00\\", \\"\\\\u2211Ci\\\\u00d7Gi  of the Term\\": 75.75, \\"Total Credits Taken in this Term\\\\n[L-1 T-II, E-2016]\\": 22, \\"Total Credits Completed in this Term\\\\n[L-1 T-II, E-2016]\\": 22, \\"\\\\u2211Ci\\\\u00d7Gi  upto Immediate Past Term\\\\n[L-1 T-I, E-2016]\\": 65, \\"Total Credits Completed upto \\\\nImmediate Past Term [L-1 T-I, E-2016]\\": 19, \\"\\\\u2211Ci\\\\u00d7Gi  upto this Term\\": 140.75, \\"Total Credits Taken upto this Term\\\\n[L-1 T-II, E-2016]\\": 41, \\"Total Credits Completed upto this Term\\\\n[L-1 T-II, E-2016]\\": 41, \\"Fail  Subject(s)\\": \\"\\", \\"Remarks\\": \\"\\", \\"Subjects\\": {\\"Mathematics-II\\": {\\"credits\\": \\"3\\", \\"code\\": \\" MS 103\\", \\"Continuous Assess. (28%)\\": 23, \\"Term Final (72%)\\": 8.5, \\"Total (100%)\\": 67, \\"Letter Grade\\": \\"B+\\", \\"Grade Point\\": \\"3.25\\"}, \\"Physics-II\\": {\\"credits\\": \\"3\\", \\"code\\": \\" PHY 103\\", \\"Continuous Assess. (28%)\\": 20.5, \\"Term Final (72%)\\": 29, \\"Total (100%)\\": 72, \\"Letter Grade\\": \\"A-\\", \\"Grade Point\\": \\"3.50\\"}, \\"Chemistry-II\\": {\\"credits\\": \\"3\\", \\"code\\": \\" CHEM 103\\", \\"Continuous Assess. (28%)\\": 22.5, \\"Term Final (72%)\\": 28, \\"Total (100%)\\": 70, \\"Letter Grade\\": \\"A-\\", \\"Grade Point\\": \\"3.50\\"}, \\"Polymer Science & Engineering \\": {\\"credits\\": \\"3\\", \\"code\\": \\" WPE 101\\", \\"Continuous Assess. (28%)\\": 21.5, \\"Term Final (72%)\\": 22, \\"Total (100%)\\": 66, \\"Letter Grade\\": \\"B+\\", \\"Grade Point\\": \\"3.25\\"}, \\"Engineering Materials\\": {\\"credits\\": \\"3\\", \\"code\\": \\" IPE 101\\", \\"Continuous Assess. (28%)\\": 20.5, \\"Term Final (72%)\\": 11, \\"Total (100%)\\": 56, \\"Letter Grade\\": \\"B-\\", \\"Grade Point\\": \\"2.75\\"}, \\"Computer Programming\\": {\\"credits\\": \\"3\\", \\"code\\": \\" MDM 101\\", \\"Continuous Assess. (28%)\\": 24, \\"Term Final (72%)\\": 26, \\"Total (100%)\\": 80, \\"Letter Grade\\": \\"A+\\", \\"Grade Point\\": \\"4.00\\"}}}]}, \\"error_message\\": null, \\"student_records\\": {\\"match\\": 2, \\"total\\": 2, \\"missing\\": 0}, \\"student_records_id\\": 4}"	1	1	f250b550eae79cf885c65917a049f790f4c0137e
6	test_excel (1)	documents/test_excel_1_2UE0ez8.xlsx	2022-09-02 13:41:54.661803+00	256928	f250b550eae79cf885c65917a049f790f4c0137e	16	\N	7	"{\\"sheets\\": [\\"YE\\"], \\"has_task\\": false, \\"excel_data\\": {\\"YE\\": [{\\"Sl. No.\\": 1, \\"Student's ID\\": \\"2016-1-1-001\\", \\"Student's Name\\": \\"ABCDEFGH\\", \\"CGPA\\": 3.957317073, \\"Result\\": \\"Promoted\\", \\"Term GPA\\": 3.931818182, \\"Physics-II\\": \\"4.00\\", \\"Chemistry-II\\": \\"4.00\\", \\"Machine Shop Practice \\": \\"4.00\\", \\"Computer Programming\\": \\"4.00\\", \\"\\\\u2211Ci\\\\u00d7Gi  of the Term\\": 86.5, \\"Total Credits Taken in this Term\\\\n[L-1 T-II, E-2016]\\": 22, \\"Total Credits Completed in this Term\\\\n[L-1 T-II, E-2016]\\": 22, \\"\\\\u2211Ci\\\\u00d7Gi  upto Immediate Past Term\\\\n[L-1 T-I, E-2016]\\": 75.75, \\"Total Credits Completed upto \\\\nImmediate Past Term [L-1 T-I, E-2016]\\": 19, \\"\\\\u2211Ci\\\\u00d7Gi  upto this Term\\": 162.25, \\"Total Credits Taken upto this Term\\\\n[L-1 T-II, E-2016]\\": 41, \\"Total Credits Completed upto this Term\\\\n[L-1 T-II, E-2016]\\": 41, \\"Fail  Subject(s)\\": \\"\\", \\"Remarks\\": \\"\\", \\"Subjects\\": {\\"Mathematics-II\\": {\\"credits\\": \\"3\\", \\"code\\": \\" MS 103\\", \\"Continuous Assess. (28%)\\": 24.5, \\"Term Final (72%)\\": 32.5, \\"Total (100%)\\": 93, \\"Letter Grade\\": \\"A+\\", \\"Grade Point\\": \\"4.00\\"}, \\"Physics-II\\": {\\"credits\\": \\"3\\", \\"code\\": \\" PHY 103\\", \\"Continuous Assess. (28%)\\": 26, \\"Term Final (72%)\\": 32, \\"Total (100%)\\": 94, \\"Letter Grade\\": \\"A+\\", \\"Grade Point\\": \\"4.00\\"}, \\"Chemistry-II\\": {\\"credits\\": \\"3\\", \\"code\\": \\" CHEM 103\\", \\"Continuous Assess. (28%)\\": 25, \\"Term Final (72%)\\": 30.5, \\"Total (100%)\\": 77, \\"Letter Grade\\": \\"A\\", \\"Grade Point\\": \\"3.75\\"}, \\"Polymer Science & Engineering \\": {\\"credits\\": \\"3\\", \\"code\\": \\" WPE 101\\", \\"Continuous Assess. (28%)\\": 24, \\"Term Final (72%)\\": 23.5, \\"Total (100%)\\": 77, \\"Letter Grade\\": \\"A\\", \\"Grade Point\\": \\"3.75\\"}, \\"Engineering Materials\\": {\\"credits\\": \\"3\\", \\"code\\": \\" IPE 101\\", \\"Continuous Assess. (28%)\\": 26, \\"Term Final (72%)\\": 33, \\"Total (100%)\\": 90, \\"Letter Grade\\": \\"A+\\", \\"Grade Point\\": \\"4.00\\"}, \\"Computer Programming\\": {\\"credits\\": \\"3\\", \\"code\\": \\" MDM 101\\", \\"Continuous Assess. (28%)\\": 23.5, \\"Term Final (72%)\\": 33, \\"Total (100%)\\": 91, \\"Letter Grade\\": \\"A+\\", \\"Grade Point\\": \\"4.00\\"}}}, {\\"Sl. No.\\": 2, \\"Student's ID\\": \\"2016-1-1-002\\", \\"Student's Name\\": \\"ABCDEFGH\\", \\"CGPA\\": 3.432926829, \\"Result\\": \\"Promoted\\", \\"Term GPA\\": 3.443181818, \\"Physics-II\\": \\"3.75\\", \\"Chemistry-II\\": \\"3.50\\", \\"Machine Shop Practice \\": \\"3.75\\", \\"Computer Programming\\": \\"4.00\\", \\"\\\\u2211Ci\\\\u00d7Gi  of the Term\\": 75.75, \\"Total Credits Taken in this Term\\\\n[L-1 T-II, E-2016]\\": 22, \\"Total Credits Completed in this Term\\\\n[L-1 T-II, E-2016]\\": 22, \\"\\\\u2211Ci\\\\u00d7Gi  upto Immediate Past Term\\\\n[L-1 T-I, E-2016]\\": 65, \\"Total Credits Completed upto \\\\nImmediate Past Term [L-1 T-I, E-2016]\\": 19, \\"\\\\u2211Ci\\\\u00d7Gi  upto this Term\\": 140.75, \\"Total Credits Taken upto this Term\\\\n[L-1 T-II, E-2016]\\": 41, \\"Total Credits Completed upto this Term\\\\n[L-1 T-II, E-2016]\\": 41, \\"Fail  Subject(s)\\": \\"\\", \\"Remarks\\": \\"\\", \\"Subjects\\": {\\"Mathematics-II\\": {\\"credits\\": \\"3\\", \\"code\\": \\" MS 103\\", \\"Continuous Assess. (28%)\\": 23, \\"Term Final (72%)\\": 8.5, \\"Total (100%)\\": 67, \\"Letter Grade\\": \\"B+\\", \\"Grade Point\\": \\"3.25\\"}, \\"Physics-II\\": {\\"credits\\": \\"3\\", \\"code\\": \\" PHY 103\\", \\"Continuous Assess. (28%)\\": 20.5, \\"Term Final (72%)\\": 29, \\"Total (100%)\\": 72, \\"Letter Grade\\": \\"A-\\", \\"Grade Point\\": \\"3.50\\"}, \\"Chemistry-II\\": {\\"credits\\": \\"3\\", \\"code\\": \\" CHEM 103\\", \\"Continuous Assess. (28%)\\": 22.5, \\"Term Final (72%)\\": 28, \\"Total (100%)\\": 70, \\"Letter Grade\\": \\"A-\\", \\"Grade Point\\": \\"3.50\\"}, \\"Polymer Science & Engineering \\": {\\"credits\\": \\"3\\", \\"code\\": \\" WPE 101\\", \\"Continuous Assess. (28%)\\": 21.5, \\"Term Final (72%)\\": 22, \\"Total (100%)\\": 66, \\"Letter Grade\\": \\"B+\\", \\"Grade Point\\": \\"3.25\\"}, \\"Engineering Materials\\": {\\"credits\\": \\"3\\", \\"code\\": \\" IPE 101\\", \\"Continuous Assess. (28%)\\": 20.5, \\"Term Final (72%)\\": 11, \\"Total (100%)\\": 56, \\"Letter Grade\\": \\"B-\\", \\"Grade Point\\": \\"2.75\\"}, \\"Computer Programming\\": {\\"credits\\": \\"3\\", \\"code\\": \\" MDM 101\\", \\"Continuous Assess. (28%)\\": 24, \\"Term Final (72%)\\": 26, \\"Total (100%)\\": 80, \\"Letter Grade\\": \\"A+\\", \\"Grade Point\\": \\"4.00\\"}}}]}, \\"error_message\\": null, \\"student_records\\": {\\"match\\": 2, \\"total\\": 2, \\"missing\\": 0}, \\"student_records_id\\": 6}"	1	1	f250b550eae79cf885c65917a049f790f4c0137e
25	test_excel (1)	documents/test_excel_1_iHOB8hc.xlsx	2022-09-02 17:39:34.895151+00	256928	f250b550eae79cf885c65917a049f790f4c0137e	16	\N	7	"{\\"sheets\\": [\\"YE\\"], \\"has_task\\": false, \\"excel_data\\": {\\"YE\\": [{\\"Sl. No.\\": 1, \\"Student's ID\\": \\"2016-1-1-001\\", \\"Student's Name\\": \\"ABCDEFGH\\", \\"CGPA\\": 3.957317073, \\"Result\\": \\"Promoted\\", \\"Term GPA\\": 3.931818182, \\"Physics-II\\": \\"4.00\\", \\"Chemistry-II\\": \\"4.00\\", \\"Machine Shop Practice \\": \\"4.00\\", \\"Computer Programming\\": \\"4.00\\", \\"\\\\u2211Ci\\\\u00d7Gi  of the Term\\": 86.5, \\"Total Credits Taken in this Term\\\\n[L-1 T-II, E-2016]\\": 22, \\"Total Credits Completed in this Term\\\\n[L-1 T-II, E-2016]\\": 22, \\"\\\\u2211Ci\\\\u00d7Gi  upto Immediate Past Term\\\\n[L-1 T-I, E-2016]\\": 75.75, \\"Total Credits Completed upto \\\\nImmediate Past Term [L-1 T-I, E-2016]\\": 19, \\"\\\\u2211Ci\\\\u00d7Gi  upto this Term\\": 162.25, \\"Total Credits Taken upto this Term\\\\n[L-1 T-II, E-2016]\\": 41, \\"Total Credits Completed upto this Term\\\\n[L-1 T-II, E-2016]\\": 41, \\"Fail  Subject(s)\\": \\"\\", \\"Remarks\\": \\"\\", \\"Subjects\\": {\\"Mathematics-II\\": {\\"credits\\": \\"3\\", \\"code\\": \\" MS 103\\", \\"Continuous Assess. (28%)\\": 24.5, \\"Term Final (72%)\\": 32.5, \\"Total (100%)\\": 93, \\"Letter Grade\\": \\"A+\\", \\"Grade Point\\": \\"4.00\\"}, \\"Physics-II\\": {\\"credits\\": \\"3\\", \\"code\\": \\" PHY 103\\", \\"Continuous Assess. (28%)\\": 26, \\"Term Final (72%)\\": 32, \\"Total (100%)\\": 94, \\"Letter Grade\\": \\"A+\\", \\"Grade Point\\": \\"4.00\\"}, \\"Chemistry-II\\": {\\"credits\\": \\"3\\", \\"code\\": \\" CHEM 103\\", \\"Continuous Assess. (28%)\\": 25, \\"Term Final (72%)\\": 30.5, \\"Total (100%)\\": 77, \\"Letter Grade\\": \\"A\\", \\"Grade Point\\": \\"3.75\\"}, \\"Polymer Science & Engineering \\": {\\"credits\\": \\"3\\", \\"code\\": \\" WPE 101\\", \\"Continuous Assess. (28%)\\": 24, \\"Term Final (72%)\\": 23.5, \\"Total (100%)\\": 77, \\"Letter Grade\\": \\"A\\", \\"Grade Point\\": \\"3.75\\"}, \\"Engineering Materials\\": {\\"credits\\": \\"3\\", \\"code\\": \\" IPE 101\\", \\"Continuous Assess. (28%)\\": 26, \\"Term Final (72%)\\": 33, \\"Total (100%)\\": 90, \\"Letter Grade\\": \\"A+\\", \\"Grade Point\\": \\"4.00\\"}, \\"Computer Programming\\": {\\"credits\\": \\"3\\", \\"code\\": \\" MDM 101\\", \\"Continuous Assess. (28%)\\": 23.5, \\"Term Final (72%)\\": 33, \\"Total (100%)\\": 91, \\"Letter Grade\\": \\"A+\\", \\"Grade Point\\": \\"4.00\\"}}}, {\\"Sl. No.\\": 2, \\"Student's ID\\": \\"2016-1-1-002\\", \\"Student's Name\\": \\"ABCDEFGH\\", \\"CGPA\\": 3.432926829, \\"Result\\": \\"Promoted\\", \\"Term GPA\\": 3.443181818, \\"Physics-II\\": \\"3.75\\", \\"Chemistry-II\\": \\"3.50\\", \\"Machine Shop Practice \\": \\"3.75\\", \\"Computer Programming\\": \\"4.00\\", \\"\\\\u2211Ci\\\\u00d7Gi  of the Term\\": 75.75, \\"Total Credits Taken in this Term\\\\n[L-1 T-II, E-2016]\\": 22, \\"Total Credits Completed in this Term\\\\n[L-1 T-II, E-2016]\\": 22, \\"\\\\u2211Ci\\\\u00d7Gi  upto Immediate Past Term\\\\n[L-1 T-I, E-2016]\\": 65, \\"Total Credits Completed upto \\\\nImmediate Past Term [L-1 T-I, E-2016]\\": 19, \\"\\\\u2211Ci\\\\u00d7Gi  upto this Term\\": 140.75, \\"Total Credits Taken upto this Term\\\\n[L-1 T-II, E-2016]\\": 41, \\"Total Credits Completed upto this Term\\\\n[L-1 T-II, E-2016]\\": 41, \\"Fail  Subject(s)\\": \\"\\", \\"Remarks\\": \\"\\", \\"Subjects\\": {\\"Mathematics-II\\": {\\"credits\\": \\"3\\", \\"code\\": \\" MS 103\\", \\"Continuous Assess. (28%)\\": 23, \\"Term Final (72%)\\": 8.5, \\"Total (100%)\\": 67, \\"Letter Grade\\": \\"B+\\", \\"Grade Point\\": \\"3.25\\"}, \\"Physics-II\\": {\\"credits\\": \\"3\\", \\"code\\": \\" PHY 103\\", \\"Continuous Assess. (28%)\\": 20.5, \\"Term Final (72%)\\": 29, \\"Total (100%)\\": 72, \\"Letter Grade\\": \\"A-\\", \\"Grade Point\\": \\"3.50\\"}, \\"Chemistry-II\\": {\\"credits\\": \\"3\\", \\"code\\": \\" CHEM 103\\", \\"Continuous Assess. (28%)\\": 22.5, \\"Term Final (72%)\\": 28, \\"Total (100%)\\": 70, \\"Letter Grade\\": \\"A-\\", \\"Grade Point\\": \\"3.50\\"}, \\"Polymer Science & Engineering \\": {\\"credits\\": \\"3\\", \\"code\\": \\" WPE 101\\", \\"Continuous Assess. (28%)\\": 21.5, \\"Term Final (72%)\\": 22, \\"Total (100%)\\": 66, \\"Letter Grade\\": \\"B+\\", \\"Grade Point\\": \\"3.25\\"}, \\"Engineering Materials\\": {\\"credits\\": \\"3\\", \\"code\\": \\" IPE 101\\", \\"Continuous Assess. (28%)\\": 20.5, \\"Term Final (72%)\\": 11, \\"Total (100%)\\": 56, \\"Letter Grade\\": \\"B-\\", \\"Grade Point\\": \\"2.75\\"}, \\"Computer Programming\\": {\\"credits\\": \\"3\\", \\"code\\": \\" MDM 101\\", \\"Continuous Assess. (28%)\\": 24, \\"Term Final (72%)\\": 26, \\"Total (100%)\\": 80, \\"Letter Grade\\": \\"A+\\", \\"Grade Point\\": \\"4.00\\"}}}]}, \\"error_message\\": null, \\"student_records\\": {\\"match\\": 2, \\"total\\": 2, \\"missing\\": 0}, \\"student_records_id\\": 7}"	1	1	f250b550eae79cf885c65917a049f790f4c0137e
26	Cael Madrilejo	documents/Cael_Madrilejo.pdf	2022-09-03 08:45:39.360895+00	\N		19	2	\N	{"sheets": [], "has_task": false, "excel_data": {}, "error_message": null, "student_records": {}, "student_records_id": null}	\N	\N	\N
27	Cheyanne Madrilejo	documents/Cheyanne_Madrilejo.pdf	2022-09-03 08:45:39.802281+00	465618		19	2	\N	{"sheets": [], "has_task": false, "excel_data": {}, "error_message": null, "student_records": {}, "student_records_id": null}	\N	\N	\N
28	Cael Madrilejo	documents/Cael_Madrilejo_1acCJuc.pdf	2022-09-03 09:07:24.994864+00	\N		19	2	\N	{"sheets": [], "has_task": false, "excel_data": {}, "error_message": null, "student_records": {}, "student_records_id": null}	\N	\N	\N
29	Cheyanne Madrilejo	documents/Cheyanne_Madrilejo_DGCCPq2.pdf	2022-09-03 09:07:25.432646+00	465616		19	2	\N	{"sheets": [], "has_task": false, "excel_data": {}, "error_message": null, "student_records": {}, "student_records_id": null}	\N	\N	\N
\.


--
-- Data for Name: institutes_degree; Type: TABLE DATA; Schema: public; Owner: postgres
--

COPY public.institutes_degree (id, sort_order, name, custom_id, code, created_at, active, institute_id) FROM stdin;
1	\N	Bechelor of science	01	1	2022-09-02 10:19:05.523505+00	t	2
2	\N	Master of science	02	2	2022-09-02 10:19:31.769856+00	t	2
\.


--
-- Data for Name: institutes_institute; Type: TABLE DATA; Schema: public; Owner: postgres
--

COPY public.institutes_institute (id, sort_order, name, custom_id, code, created_at, active, collection_id) FROM stdin;
1	\N	Textile Engineering College, Chittagong	01	C	2022-09-02 10:16:39.892663+00	t	2
2	\N	BUTEX	02	B	2022-09-02 10:17:16.727489+00	t	3
3	\N	Textile Engineering College, Barisal	03	BA	2022-09-02 11:14:43.581596+00	t	14
4	\N	test	04	SS	2022-09-03 09:23:43.211551+00	t	20
\.


--
-- Data for Name: institutes_institutecollections; Type: TABLE DATA; Schema: public; Owner: postgres
--

COPY public.institutes_institutecollections (id, institute_id) FROM stdin;
1	1
2	2
3	3
4	4
\.


--
-- Data for Name: institutes_institutecollections_collection; Type: TABLE DATA; Schema: public; Owner: postgres
--

COPY public.institutes_institutecollections_collection (id, institutecollections_id, collection_id) FROM stdin;
1	1	2
2	2	3
3	2	4
4	2	5
5	2	6
6	2	7
7	2	8
8	2	9
9	2	10
10	2	11
11	2	12
12	2	13
13	3	14
14	2	15
15	2	16
16	4	20
\.


--
-- Data for Name: students_studenthomepage; Type: TABLE DATA; Schema: public; Owner: postgres
--

COPY public.students_studenthomepage (page_ptr_id, welcome_title, announcement, logo_id, institute_id) FROM stdin;
5			\N	2
6			\N	1
\.


--
-- Data for Name: students_studenthomepageroute; Type: TABLE DATA; Schema: public; Owner: postgres
--

COPY public.students_studenthomepageroute (page_ptr_id) FROM stdin;
4
\.


--
-- Data for Name: students_studentprofile; Type: TABLE DATA; Schema: public; Owner: postgres
--

COPY public.students_studentprofile (id, user_id) FROM stdin;
\.


--
-- Data for Name: students_studentrecord; Type: TABLE DATA; Schema: public; Owner: postgres
--

COPY public.students_studentrecord (id, sort_order, publish, data, created_at, updated_at, record_id, result_id, student_id) FROM stdin;
8	\N	t	{"CGPA": 3.957317073, "Result": "Promoted", "Remarks": "", "Sl. No.": 1, "Subjects": {"Physics-II": {"code": " PHY 103", "credits": "3", "Grade Point": "4.00", "Letter Grade": "A+", "Total (100%)": 94, "Term Final (72%)": 32, "Continuous Assess. (28%)": 26}, "Chemistry-II": {"code": " CHEM 103", "credits": "3", "Grade Point": "3.75", "Letter Grade": "A", "Total (100%)": 77, "Term Final (72%)": 30.5, "Continuous Assess. (28%)": 25}, "Mathematics-II": {"code": " MS 103", "credits": "3", "Grade Point": "4.00", "Letter Grade": "A+", "Total (100%)": 93, "Term Final (72%)": 32.5, "Continuous Assess. (28%)": 24.5}, "Computer Programming": {"code": " MDM 101", "credits": "3", "Grade Point": "4.00", "Letter Grade": "A+", "Total (100%)": 91, "Term Final (72%)": 33, "Continuous Assess. (28%)": 23.5}, "Engineering Materials": {"code": " IPE 101", "credits": "3", "Grade Point": "4.00", "Letter Grade": "A+", "Total (100%)": 90, "Term Final (72%)": 33, "Continuous Assess. (28%)": 26}, "Polymer Science & Engineering ": {"code": " WPE 101", "credits": "3", "Grade Point": "3.75", "Letter Grade": "A", "Total (100%)": 77, "Term Final (72%)": 23.5, "Continuous Assess. (28%)": 24}}, "Term GPA": 3.931818182, "Physics-II": "4.00", "Chemistry-II": "4.00", "Student's ID": "2016-1-1-001", "Student's Name": "ABCDEFGH", "Fail  Subject(s)": "", "Computer Programming": "4.00", "Machine Shop Practice ": "4.00", "CiGi  of the Term": 86.5, "CiGi  upto this Term": 162.25, "Total Credits Taken in this Term\\n[L-1 T-II, E-2016]": 22, "Total Credits Taken upto this Term\\n[L-1 T-II, E-2016]": 41, "CiGi  upto Immediate Past Term\\n[L-1 T-I, E-2016]": 75.75, "Total Credits Completed in this Term\\n[L-1 T-II, E-2016]": 22, "Total Credits Completed upto this Term\\n[L-1 T-II, E-2016]": 41, "Total Credits Completed upto \\nImmediate Past Term [L-1 T-I, E-2016]": 19}	2022-09-02 13:41:59.074965+00	2022-09-02 13:41:59.074988+00	6	3	9
9	\N	t	{"CGPA": 3.432926829, "Result": "Promoted", "Remarks": "", "Sl. No.": 2, "Subjects": {"Physics-II": {"code": " PHY 103", "credits": "3", "Grade Point": "3.50", "Letter Grade": "A-", "Total (100%)": 72, "Term Final (72%)": 29, "Continuous Assess. (28%)": 20.5}, "Chemistry-II": {"code": " CHEM 103", "credits": "3", "Grade Point": "3.50", "Letter Grade": "A-", "Total (100%)": 70, "Term Final (72%)": 28, "Continuous Assess. (28%)": 22.5}, "Mathematics-II": {"code": " MS 103", "credits": "3", "Grade Point": "3.25", "Letter Grade": "B+", "Total (100%)": 67, "Term Final (72%)": 8.5, "Continuous Assess. (28%)": 23}, "Computer Programming": {"code": " MDM 101", "credits": "3", "Grade Point": "4.00", "Letter Grade": "A+", "Total (100%)": 80, "Term Final (72%)": 26, "Continuous Assess. (28%)": 24}, "Engineering Materials": {"code": " IPE 101", "credits": "3", "Grade Point": "2.75", "Letter Grade": "B-", "Total (100%)": 56, "Term Final (72%)": 11, "Continuous Assess. (28%)": 20.5}, "Polymer Science & Engineering ": {"code": " WPE 101", "credits": "3", "Grade Point": "3.25", "Letter Grade": "B+", "Total (100%)": 66, "Term Final (72%)": 22, "Continuous Assess. (28%)": 21.5}}, "Term GPA": 3.443181818, "Physics-II": "3.75", "Chemistry-II": "3.50", "Student's ID": "2016-1-1-002", "Student's Name": "ABCDEFGH", "Fail  Subject(s)": "", "Computer Programming": "4.00", "Machine Shop Practice ": "3.75", "CiGi  of the Term": 75.75, "CiGi  upto this Term": 140.75, "Total Credits Taken in this Term\\n[L-1 T-II, E-2016]": 22, "Total Credits Taken upto this Term\\n[L-1 T-II, E-2016]": 41, "CiGi  upto Immediate Past Term\\n[L-1 T-I, E-2016]": 65, "Total Credits Completed in this Term\\n[L-1 T-II, E-2016]": 22, "Total Credits Completed upto this Term\\n[L-1 T-II, E-2016]": 41, "Total Credits Completed upto \\nImmediate Past Term [L-1 T-I, E-2016]": 19}	2022-09-02 13:41:59.104867+00	2022-09-02 13:41:59.104887+00	6	3	10
\.


--
-- Data for Name: taggit_tag; Type: TABLE DATA; Schema: public; Owner: postgres
--

COPY public.taggit_tag (id, name, slug) FROM stdin;
\.


--
-- Data for Name: taggit_taggeditem; Type: TABLE DATA; Schema: public; Owner: postgres
--

COPY public.taggit_taggeditem (id, object_id, content_type_id, tag_id) FROM stdin;
\.


--
-- Data for Name: users_customgroup; Type: TABLE DATA; Schema: public; Owner: postgres
--

COPY public.users_customgroup (id, role_id) FROM stdin;
1	1
2	3
\.


--
-- Data for Name: users_customgroup_roles; Type: TABLE DATA; Schema: public; Owner: postgres
--

COPY public.users_customgroup_roles (id, customgroup_id, group_id) FROM stdin;
1	1	3
2	1	4
3	1	5
4	1	6
5	1	7
7	2	4
8	2	5
9	2	6
\.


--
-- Data for Name: users_customuser; Type: TABLE DATA; Schema: public; Owner: postgres
--

COPY public.users_customuser (id, password, last_login, is_superuser, username, first_name, last_name, email, is_staff, is_active, date_joined, department_id, institute_id, suffix, role_id, metadata, batch_id, degree_id) FROM stdin;
14	pbkdf2_sha256$390000$sDMYIqE3avQwt9AgrfEZru$+lyyzF5UlK1p2Ukt4YTymzlyFVK62GAnAcURC/MsVR4=	\N	f	02040301	Dr. Kaniz	Farhana	head.ae@butex.edu.bd	f	t	2022-09-03 06:07:58.301108+00	4	2	01	3	{"batch": {}, "prev_role": null, "formated_id": null, "student_records": {}}	\N	\N
12	pbkdf2_sha256$390000$fJHw42uV8mXUWaNCSTIEPl$c+Jio0g6eYwzxPU3deqQs76XlUBT+sw8h3eqMbNbtpM=	2022-09-03 08:37:08.906982+00	f	02020301	Mrs. Shilpi	Akter	head.fe@butex.edu.bd	f	t	2022-09-03 05:54:15.862972+00	2	2	01	3	{"batch": {}, "prev_role": null, "formated_id": null, "student_records": {}}	\N	\N
11	pbkdf2_sha256$390000$KnXsjg9bQQOLnakZkioSQo$DgknRBjBunwN4/J0eMtiwZ9PZ6BrGtOs51QwRURPBQ4=	2022-09-03 08:58:49.766535+00	f	02020101	A T M Faiz	Ahmed	a.t.m.faiz@butex.edu.bd	f	t	2022-09-03 05:51:39.214658+00	2	2	01	1	{"batch": {}, "prev_role": null, "formated_id": null, "student_records": {}}	\N	\N
8	pbkdf2_sha256$390000$jbOQLqjRHBmxLUWb636WAA$UMVaEW1jRbgV1ELs/ePm7u6+wfqGvPJkrEmXUT61jiY=	2022-09-03 08:59:57.325353+00	f	020106007	proof	of reader	proofofreader@gmail.com	f	t	2022-09-02 12:43:55.844946+00	1	2	007	6	{"batch": {}, "prev_role": null, "formated_id": null, "student_records": {}}	\N	\N
1	pbkdf2_sha256$390000$pns2yDvVHjvhwcxIjvdyq5$xftHMyNhGyCxwyV6kYCZvZ+ZryO25XiNcTjBXSNPm8g=	2022-09-03 09:01:43.350069+00	t	admin			admin@gmail.com	t	t	2022-09-01 22:10:32.312387+00	\N	\N	\N	\N	{"batch": {}, "prev_role": null, "formated_id": null, "student_records": {}}	\N	\N
2	pbkdf2_sha256$390000$FlaRv968F2l66FZ7rhSCQg$hl7KuFxsJk96JVgEBKGaLBaLPOCUyhe90sYxP4B9Y5c=	2022-09-03 05:33:36.746719+00	t	madmin			madmin@gmail.com	t	t	2022-09-02 09:10:21.03097+00	\N	\N	\N	\N	{"batch": {}, "prev_role": null, "formated_id": null, "student_records": {}}	\N	\N
9	pbkdf2_sha256$390000$ygtoWC1iFZlBxG1YTqdNXu$EnWc986L8F7hsnan1KArkzlwmPQvI60Hmfor9uVGn6k=	\N	f	2016-1-1-001	Cael	Madrilejo	student1@gmail.com	f	t	2022-09-02 12:51:53.356123+00	1	2	\N	7	{"batch": {}, "prev_role": "Student", "formated_id": "B-1-1-1-None", "student_records": {}}	1	1
10	pbkdf2_sha256$390000$liBgmrCJQspt1WDitguZWp$41yL558C1b0UpixmCXBVI7xc1Z37FiOQ2gguMaClGrk=	\N	f	2016-1-1-002	Cheyanne	Madrilejo	student2@gmail.com	f	t	2022-09-02 13:03:37.75742+00	1	2	\N	7	{"batch": {}, "prev_role": "Student", "formated_id": "B-1-1-1-None", "student_records": {}}	1	1
7	pbkdf2_sha256$390000$C0B2hFn8HaSU59I6J16MZT$ifw5MW9V9KDe1esMrI1xnx97y9EJnTQjOx8e+CQ4inU=	2022-09-03 09:16:28.67925+00	f	020105005	controller	of exam	controller@gmail.com	f	t	2022-09-02 12:42:35.209225+00	1	2	005	5	{"batch": {}, "prev_role": null, "formated_id": null, "student_records": {}}	\N	\N
13	pbkdf2_sha256$390000$9MEuS6Oe09pHvRQuH4VR0L$2qYGAuRMD/uqvsF1ld4oBnukhm3j2/AH9DFPEgnvTwA=	\N	f	02010301	Dr. Hosne Ara Begum	Begum	head.ye@butex.edu.bd	f	t	2022-09-03 06:05:26.661108+00	1	2	01	3	{"batch": {}, "prev_role": null, "formated_id": null, "student_records": {}}	\N	\N
\.


--
-- Data for Name: users_customuser_groups; Type: TABLE DATA; Schema: public; Owner: postgres
--

COPY public.users_customuser_groups (id, customuser_id, group_id) FROM stdin;
5	7	5
6	8	6
7	9	7
8	10	7
9	11	1
10	12	3
11	13	3
12	14	3
\.


--
-- Data for Name: users_customuser_user_permissions; Type: TABLE DATA; Schema: public; Owner: postgres
--

COPY public.users_customuser_user_permissions (id, customuser_id, permission_id) FROM stdin;
\.


--
-- Data for Name: wagtailadmin_admin; Type: TABLE DATA; Schema: public; Owner: postgres
--

COPY public.wagtailadmin_admin (id) FROM stdin;
\.


--
-- Data for Name: wagtailcore_collection; Type: TABLE DATA; Schema: public; Owner: postgres
--

COPY public.wagtailcore_collection (id, path, depth, numchild, name) FROM stdin;
2	00010003	2	0	Textile Engineering College, Chittagong
14	00010002	2	0	Textile Engineering College, Barisal
4	00010001000A	3	1	Yarn Engineering
7	000100010001	3	0	Apparel Engineering
15	00010001000A0001	4	1	YE
16	00010001000A00010001	5	1	YE SYE2022-2023
19	00010001000A000100010001	6	0	YE SYE2022-2023 - Certificates
1	0001	1	4	Root
20	00010004	2	0	test
12	000100010002	3	0	Dyes and Chemical Engineering
6	000100010009	3	0	Wet Process Engineering
11	000100010008	3	0	Textile Machinery Design and Maintenance
9	000100010007	3	0	Textile Fashion and Design
8	000100010006	3	0	Textile Engineering Management
10	000100010005	3	0	Industrial and Production Engineering
5	000100010004	3	0	Fabric Engineering
3	00010001	2	10	BUTEX
13	000100010003	3	0	Environmental Science and Engineering
\.


--
-- Data for Name: wagtailcore_collectionviewrestriction; Type: TABLE DATA; Schema: public; Owner: postgres
--

COPY public.wagtailcore_collectionviewrestriction (id, restriction_type, password, collection_id) FROM stdin;
3	groups		19
\.


--
-- Data for Name: wagtailcore_collectionviewrestriction_groups; Type: TABLE DATA; Schema: public; Owner: postgres
--

COPY public.wagtailcore_collectionviewrestriction_groups (id, collectionviewrestriction_id, group_id) FROM stdin;
6	3	1
7	3	3
8	3	5
\.


--
-- Data for Name: wagtailcore_comment; Type: TABLE DATA; Schema: public; Owner: postgres
--

COPY public.wagtailcore_comment (id, text, contentpath, "position", created_at, updated_at, resolved_at, page_id, resolved_by_id, revision_created_id, user_id) FROM stdin;
\.


--
-- Data for Name: wagtailcore_commentreply; Type: TABLE DATA; Schema: public; Owner: postgres
--

COPY public.wagtailcore_commentreply (id, text, created_at, updated_at, comment_id, user_id) FROM stdin;
\.


--
-- Data for Name: wagtailcore_groupapprovaltask; Type: TABLE DATA; Schema: public; Owner: postgres
--

COPY public.wagtailcore_groupapprovaltask (task_ptr_id) FROM stdin;
1
\.


--
-- Data for Name: wagtailcore_groupapprovaltask_groups; Type: TABLE DATA; Schema: public; Owner: postgres
--

COPY public.wagtailcore_groupapprovaltask_groups (id, groupapprovaltask_id, group_id) FROM stdin;
1	1	1
\.


--
-- Data for Name: wagtailcore_groupcollectionpermission; Type: TABLE DATA; Schema: public; Owner: postgres
--

COPY public.wagtailcore_groupcollectionpermission (id, collection_id, group_id, permission_id) FROM stdin;
1	1	1	1
2	1	2	1
3	1	1	2
4	1	2	2
5	1	1	5
6	1	2	5
7	1	1	6
8	1	2	6
11	1	5	4
12	1	5	1
13	1	5	2
\.


--
-- Data for Name: wagtailcore_grouppagepermission; Type: TABLE DATA; Schema: public; Owner: postgres
--

COPY public.wagtailcore_grouppagepermission (id, permission_type, group_id, page_id) FROM stdin;
4	add	2	1
5	edit	2	1
\.


--
-- Data for Name: wagtailcore_locale; Type: TABLE DATA; Schema: public; Owner: postgres
--

COPY public.wagtailcore_locale (id, language_code) FROM stdin;
1	en
\.


--
-- Data for Name: wagtailcore_modellogentry; Type: TABLE DATA; Schema: public; Owner: postgres
--

COPY public.wagtailcore_modellogentry (id, label, action, data, "timestamp", content_changed, deleted, object_id, content_type_id, user_id, uuid) FROM stdin;
1	butex.freshosoft.dev [default]	wagtail.edit	{}	2022-09-01 22:13:00.415964+00	f	f	2	35	1	28fff047-e988-4d00-9f47-1b385895b996
2	Institute Head	wagtail.edit	{}	2022-09-01 22:13:39.302966+00	f	f	1	55	1	4c516472-979c-4c43-b22c-9585235dc040
3	Super User	wagtail.edit	{}	2022-09-01 22:13:51.767047+00	f	f	2	55	1	ded14664-939c-40db-8467-90b682f3aa41
4	Department Head	wagtail.create	{}	2022-09-01 22:14:02.66788+00	f	f	3	55	1	1f66557e-1ab4-4630-a020-f00bf1922e96
5	Faculty Member	wagtail.create	{}	2022-09-01 22:14:21.674131+00	f	f	4	55	1	e991e8cd-71d8-46e1-8e45-ff32da1180ab
6	Controller of Exam	wagtail.create	{}	2022-09-01 22:14:42.717398+00	f	f	5	55	1	8b97a0ea-5652-4c36-8e4a-716dd8e5805e
7	Proof Reader of Exam	wagtail.create	{}	2022-09-01 22:14:52.505608+00	f	f	6	55	1	f55178cd-ff32-4abb-b12e-227a0227a5ae
8	Student	wagtail.create	{}	2022-09-01 22:15:02.611342+00	f	f	7	55	1	dfb53c8e-0a6d-4c63-8126-4e58c6ba8b0c
9	Textile Engineering College, Chittagong	wagtail.create	{}	2022-09-02 10:16:39.910795+00	f	f	1	9	2	f5e306bd-238c-441b-9f8b-0beeb0518709
10	BUTEX	wagtail.create	{}	2022-09-02 10:17:16.750508+00	f	f	2	9	2	f8d75bfc-4846-4077-9b2f-8d4431c447f5
11	Bechelor of science	wagtail.create	{}	2022-09-02 10:19:05.528202+00	f	f	1	10	2	eeb21fc8-696d-44b3-96b4-886dc32f2caa
12	Master of science	wagtail.create	{}	2022-09-02 10:19:31.772133+00	f	f	2	10	2	84b84979-fbee-4534-8ec0-437b89037d74
13	Yarn Engineering	wagtail.create	{}	2022-09-02 10:47:13.829706+00	f	f	1	13	2	009a3ec4-dd5c-471e-b9a2-a879a7228c3f
14	Fabric Engineering	wagtail.create	{}	2022-09-02 10:48:04.183378+00	f	f	2	13	2	ab45273a-8bd7-4ade-a2e5-4262a0eec00c
15	Wet Process Engineering	wagtail.create	{}	2022-09-02 10:48:45.750867+00	f	f	3	13	2	e981033b-09c5-426b-8e24-157a158aa713
16	Apparel Engineering	wagtail.create	{}	2022-09-02 10:49:36.044181+00	f	f	4	13	2	1aec534a-f669-4262-acaf-19e814e18792
17	Textile Engineering Management	wagtail.create	{}	2022-09-02 10:50:49.503548+00	f	f	5	13	2	371eb770-f39a-425e-b6dc-7a367b44f0d3
18	Textile Fashion and Design	wagtail.create	{}	2022-09-02 10:51:21.314291+00	f	f	6	13	2	b50ad5a7-9fc5-40fa-9bb1-627e8649e12f
19	Industrial and Production Engineering	wagtail.create	{}	2022-09-02 11:00:05.42404+00	f	f	7	13	2	90b690c4-e195-42f2-bb32-06437877d6dd
20	Textile Machinery Design and Maintenance	wagtail.create	{}	2022-09-02 11:11:11.749901+00	f	f	8	13	2	ccbf7ec8-2778-419b-9907-efb2ac39f077
21	Dyes and Chemical Engineering	wagtail.create	{}	2022-09-02 11:11:42.207322+00	f	f	9	13	2	560b8f6d-b16a-4183-91df-cdd95614012a
22	Environmental Science and Engineering	wagtail.create	{}	2022-09-02 11:12:23.431972+00	f	f	10	13	2	6c7303e3-c836-47f7-a54c-2257c81d5dc2
23	Textile Engineering College, Barisal	wagtail.create	{}	2022-09-02 11:14:43.600496+00	f	f	3	9	2	6df763a1-5cf7-413b-9d14-99f34eb3fabd
24	Institute Head	wagtail.edit	{}	2022-09-02 11:17:22.523809+00	f	f	1	55	2	cff4d8bc-2cc2-4a11-9539-810b96d0d320
25	A T M Faiz	wagtail.create	{}	2022-09-02 11:19:24.852984+00	f	f	3	8	2	25278e35-7b1c-43e7-ae52-d08d657213b1
26	Controller of Exam	wagtail.edit	{}	2022-09-02 12:31:46.800187+00	f	f	5	55	1	032396e1-e864-4963-b79e-fd23e3b54cc2
27	Department Head	wagtail.edit	{}	2022-09-02 12:32:03.320485+00	f	f	3	55	1	158f2980-0650-46b5-b8a6-29dbfbc8fb87
28	Faculty Member	wagtail.edit	{}	2022-09-02 12:32:59.143835+00	f	f	4	55	1	97accc75-35df-4a22-8fb0-2fd1ae80cea4
29	Proof Reader of Exam	wagtail.edit	{}	2022-09-02 12:33:21.392032+00	f	f	6	55	1	d65a7187-3821-46e5-8d28-36f91ae9f490
30	Institute Head	wagtail.edit	{}	2022-09-02 12:34:42.798524+00	f	f	1	55	1	28b377c0-00fd-4f70-8936-321594dae7ba
31	first institute head	wagtail.create	{}	2022-09-02 12:37:37.749548+00	f	f	4	8	1	5b068244-527d-4597-870a-2f73a2581d7b
32	Student	wagtail.edit	{}	2022-09-02 12:38:48.291781+00	f	f	7	55	1	43897362-1a05-458c-8ad5-67c0e4304d48
33	dept head	wagtail.create	{}	2022-09-02 12:39:38.382613+00	f	f	5	8	1	40da5b50-08e2-494c-9cfd-22891a6e6bf9
34	faculty member	wagtail.create	{}	2022-09-02 12:40:52.073776+00	f	f	6	8	1	cbcce8dd-e16e-4b11-9310-c286e8798b1b
35	controller of exam	wagtail.create	{}	2022-09-02 12:42:35.493117+00	f	f	7	8	1	b1ff6123-5c2e-470f-a94a-45f34e35b314
36	proof of reader	wagtail.create	{}	2022-09-02 12:43:56.127696+00	f	f	8	8	1	aa5bb46c-19b0-4b94-bb86-0dbd6cef70dc
37	YE-1	wagtail.create	{}	2022-09-02 12:48:15.942377+00	f	f	1	14	1	a3caa63f-d8b5-45b4-9e2f-2973381612dc
38	YE-1 (2022-2023)	wagtail.create	{}	2022-09-02 12:48:30.715325+00	f	f	1	15	1	349e6b83-3ff9-48f2-a926-ae37ccd9a67b
39	YE-1 (2022-2023)	wagtail.edit	{}	2022-09-02 12:50:30.254502+00	f	f	1	15	1	faa6cdec-cf66-40c2-a375-1d67208b4378
40	Cael Madrilejo	wagtail.create	{}	2022-09-02 12:51:53.64706+00	f	f	9	8	6	5d4845a8-29a6-4e6c-8acb-a882744f43f4
41	Batch Record - 2022-09-02 18:24:56.673905	wagtail.create	{}	2022-09-02 12:54:56.768522+00	f	f	1	16	7	3b6cdcf6-68b7-462d-b937-05722090392d
42	Y-1	wagtail.edit	{}	2022-09-02 12:57:46.635267+00	f	f	1	14	1	096900c5-3247-4f25-88f6-5c68502d4c0c
43	YE-1	wagtail.edit	{}	2022-09-02 12:57:53.741089+00	f	f	1	14	1	a387511f-6b49-4b0d-8223-9d804b1dbafe
44	Yarn Engineering	wagtail.edit	{}	2022-09-02 12:59:43.094647+00	f	f	1	13	1	21cfea7d-da7f-4879-a3c1-b3cf9e7ec03d
45	Batch Record - 2022-09-02 18:24:56.673905	wagtail.delete	{}	2022-09-02 13:00:49.830058+00	f	f	1	16	7	31faf1ab-4489-4bd6-a827-6eacd59da5dd
46	Batch Record - 2022-09-02 18:31:16.420334	wagtail.create	{}	2022-09-02 13:01:16.50559+00	f	f	2	16	7	df440c87-bb79-4037-b732-cd92ee2f3ba8
47	Cheyanne Madrilejo	wagtail.create	{}	2022-09-02 13:03:38.038061+00	f	f	10	8	6	1441721f-57d2-4338-b729-3c0145430a27
48	Batch Record - 2022-09-02 18:31:16.420334	wagtail.delete	{}	2022-09-02 13:05:20.58089+00	f	f	2	16	7	765ed31e-d467-4ecc-88df-b0e94c64be7d
49	Batch Record - 2022-09-02 18:35:41.249371	wagtail.create	{}	2022-09-02 13:05:41.312901+00	f	f	3	16	7	8e0778e7-a3fb-44e6-9004-46e5bebcf1ce
50	Batch Record - 2022-09-02 18:35:41.249371	wagtail.delete	{}	2022-09-02 13:06:18.80118+00	f	f	3	16	7	b6512f07-eba5-4aa1-8ccd-6dfa73e04930
51	Batch Record - 2022-09-02 18:37:00.747915	wagtail.create	{}	2022-09-02 13:07:00.82785+00	f	f	4	16	7	a2d9b121-45cb-4131-9a90-a151552830d6
52	Batch Record - 2022-09-02 18:37:00.747915	wagtail.edit	{}	2022-09-02 13:09:02.57812+00	f	f	4	16	8	ad661425-6208-4bea-8b72-cbd06dcfd16a
53	Controller of Exam	wagtail.edit	{}	2022-09-02 13:12:24.870951+00	f	f	5	55	1	0d972b13-109c-4105-8cc9-130525a7c335
54	YE SYE2022-2023 - Certificates	wagtail.create	{}	2022-09-02 13:14:28.904197+00	f	f	17	36	1	f088c027-f346-4cb9-b76f-56d2bf31b5bd
55	Batch Record - 2022-09-02 19:05:22.147165	wagtail.create	{}	2022-09-02 13:35:22.241081+00	f	f	5	16	7	e40ddccc-93ec-4118-88e2-ebd2bd655ef2
56	Batch Record - 2022-09-02 19:05:22.147165	wagtail.edit	{}	2022-09-02 13:36:56.599087+00	f	f	5	16	8	d65778a6-e2b2-475b-82ea-2f01fe213b88
57	YE-1 (2022-2023)	wagtail.delete	{}	2022-09-02 13:41:27.018662+00	f	f	2	17	1	d066fb90-5759-4777-8b4f-a270a0226df9
58	Batch Record - 2022-09-02 19:11:57.620441	wagtail.create	{}	2022-09-02 13:41:57.708297+00	f	f	6	16	7	979ff36b-c7b3-4c97-aa1a-39d5df038310
59	Batch Record - 2022-09-02 19:11:57.620441	wagtail.edit	{}	2022-09-02 13:42:41.257618+00	f	f	6	16	8	5cc89a49-fdad-4e4b-9f9f-6a33f6492f3d
60	Batch Record - 2022-09-02 23:09:38.308455	wagtail.create	{}	2022-09-02 17:39:39.367375+00	f	f	7	16	7	5be6da32-e234-450a-9f48-8d6ca1ae3a98
61	41-1	wagtail.edit	{}	2022-09-03 05:36:06.034428+00	f	f	1	14	2	43e811bf-9492-47a4-b94b-afe2bf1d3320
62	A T M Faiz Ahmed	wagtail.create	{}	2022-09-03 05:51:39.512811+00	f	f	11	8	2	80830d3c-a235-4eac-94ba-991908358ae9
63	Mrs. Shilpi Akter	wagtail.create	{}	2022-09-03 05:54:16.149647+00	f	f	12	8	2	7cd152fe-cb2c-4b37-a13f-30aec385b566
64	Dr. Hosne Ara Begum Begum	wagtail.create	{}	2022-09-03 06:05:26.966285+00	f	f	13	8	2	e6d0a1df-e2e5-4d93-a4c4-612b11506fef
65	Dr. Kaniz Farhana	wagtail.create	{}	2022-09-03 06:07:58.639824+00	f	f	14	8	2	ef2fac34-97ae-4d19-9c16-d70d118cd2c5
66	Faculty Member	wagtail.edit	{}	2022-09-03 07:49:02.915938+00	f	f	4	55	2	9044520d-f9ab-4b3c-8755-8754d6ce8051
67	Department Head	wagtail.edit	{}	2022-09-03 08:07:08.320788+00	f	f	3	55	2	208d4d1f-c71f-467a-bd55-9d78a71f65d8
68	Department Head	wagtail.edit	{}	2022-09-03 08:20:05.320937+00	f	f	3	55	2	62973c58-1813-4a39-9979-cf2bd4d9dc84
69	Department Head	wagtail.edit	{}	2022-09-03 08:31:58.766034+00	f	f	3	55	1	141c423a-3f73-47f2-893c-f73a1f6c55c8
70	Department Head	wagtail.edit	{}	2022-09-03 08:34:01.485079+00	f	f	3	55	1	bd040fc1-e31c-41cb-869d-0f79dd862338
71	Controller of Exam	wagtail.edit	{}	2022-09-03 08:44:33.73779+00	f	f	5	55	1	01cc6447-1c3d-4fe5-82c6-293da5e08b4c
72	Controller of Exam	wagtail.edit	{}	2022-09-03 08:44:52.878422+00	f	f	5	55	1	a87e0933-69a1-423f-83a0-4733eb56747d
73	YE-1	wagtail.edit	{}	2022-09-03 08:48:45.888775+00	f	f	1	14	1	14af31f8-d873-4628-9b68-b1d956cc1d32
74	YE SYE2022-2023 - Certificates	wagtail.edit	{}	2022-09-03 08:58:13.703732+00	f	f	19	36	1	d3cee8fe-8b5b-4c7b-9162-3b4a7015f44b
75	YE SYE2022-2023 - Certificates	wagtail.edit	{}	2022-09-03 09:03:48.405094+00	f	f	19	36	1	d4cc8486-9f60-4062-bf8b-c3432747b0b2
76	YE SYE2022-2023 - Certificates	wagtail.edit	{}	2022-09-03 09:04:37.302037+00	f	f	19	36	1	65737e7e-29dd-4d63-b92d-579a7cf22315
77	YE SYE2022-2023 - Certificates	wagtail.edit	{}	2022-09-03 09:06:14.586799+00	f	f	19	36	1	bb3c8d9d-8a68-4d05-af6d-dc1905e9eec1
78	Controller of Exam	wagtail.edit	{}	2022-09-03 09:12:42.245132+00	f	f	5	55	1	6475370b-1bbf-4674-b40c-55b33c62ab54
79	Controller of Exam	wagtail.edit	{}	2022-09-03 09:13:10.78811+00	f	f	5	55	1	4a9a8a4e-6a9f-4c63-96ad-d7fc8e4b83e9
80	YE SYE2022-2023 - Certificates	wagtail.edit	{}	2022-09-03 09:14:06.446346+00	f	f	19	36	1	f9ae3a44-2308-498d-bce0-fb93effed026
81	YE SYE2022-2023 - Certificates	wagtail.edit	{}	2022-09-03 09:15:47.618933+00	f	f	19	36	1	75d58c21-1291-48f2-8dd6-06da487cfd11
82	YE SYE2022-2023 - Certificates	wagtail.edit	{}	2022-09-03 09:18:09.398067+00	f	f	19	36	1	07a6ca59-f036-46f2-a075-4718f0fb3a83
83	test	wagtail.create	{}	2022-09-03 09:23:43.229936+00	f	f	4	9	1	3ce88c44-a12d-46ff-8d41-33ea1081ae0d
\.


--
-- Data for Name: wagtailcore_page; Type: TABLE DATA; Schema: public; Owner: postgres
--

COPY public.wagtailcore_page (id, path, depth, numchild, title, slug, live, has_unpublished_changes, url_path, seo_title, show_in_menus, search_description, go_live_at, expire_at, expired, content_type_id, owner_id, locked, latest_revision_created_at, first_published_at, live_revision_id, last_published_at, draft_title, locked_at, locked_by_id, translation_key, locale_id, alias_of_id) FROM stdin;
1	0001	1	1	Root	root	t	f	/		f		\N	\N	f	1	\N	f	\N	\N	\N	\N	Root	\N	\N	b9054728-4446-4183-8a7d-a38634d2cda5	1	\N
5	000100020001	3	0	Butex student dashboard	butex-student-dashboard	t	f	/base-route/butex-student-dashboard/		f		\N	\N	f	19	1	f	2022-09-02 12:45:15.791197+00	2022-09-02 12:45:15.805263+00	2	2022-09-02 12:45:15.805263+00	Butex student dashboard	\N	\N	ad6401fb-9b76-4b6c-b6df-d7fd0c2f53e4	1	\N
4	00010002	2	2	Base Route	base-route	t	f	/base-route/		f		\N	\N	f	20	1	f	2022-09-01 22:12:34.33113+00	2022-09-01 22:12:34.344288+00	1	2022-09-01 22:12:34.344288+00	Base Route	\N	\N	9dc1515c-4d6e-414c-b970-da312f5a670d	1	\N
6	000100020002	3	0	Textile Engineeriing College	textile-engineeriing-college	t	f	/base-route/textile-engineeriing-college/		f		\N	\N	f	19	1	f	2022-09-02 14:53:48.950368+00	2022-09-02 14:53:48.964263+00	3	2022-09-02 14:53:48.964263+00	Textile Engineeriing College	\N	\N	5b29478a-945e-4424-bd27-40c0dc93b770	1	\N
\.


--
-- Data for Name: wagtailcore_pagelogentry; Type: TABLE DATA; Schema: public; Owner: postgres
--

COPY public.wagtailcore_pagelogentry (id, label, action, data, "timestamp", content_changed, deleted, content_type_id, page_id, revision_id, user_id, uuid) FROM stdin;
1	Base Route	wagtail.create	{}	2022-09-01 22:12:34.317044+00	t	f	20	4	\N	1	dfc6946d-0b91-4b32-9013-40bea4e0ae90
2	Base Route	wagtail.publish	{}	2022-09-01 22:12:34.366104+00	t	f	20	4	1	1	dfc6946d-0b91-4b32-9013-40bea4e0ae90
3	Home	wagtail.delete	{}	2022-09-01 22:13:18.533251+00	f	t	1	3	\N	1	311522c0-3057-413c-bdb1-932f15d24bc9
4	Butex student dashboard	wagtail.create	{}	2022-09-02 12:45:15.775483+00	t	f	19	5	\N	1	5319425e-30c5-4468-a785-111268da3d31
5	Butex student dashboard	wagtail.publish	{}	2022-09-02 12:45:15.828835+00	t	f	19	5	2	1	5319425e-30c5-4468-a785-111268da3d31
6	Textile Engineeriing College	wagtail.create	{}	2022-09-02 14:53:48.935728+00	t	f	19	6	\N	1	a2795f30-9ec5-4739-a113-5bbaf5231af3
7	Textile Engineeriing College	wagtail.publish	{}	2022-09-02 14:53:48.986978+00	t	f	19	6	3	1	a2795f30-9ec5-4739-a113-5bbaf5231af3
\.


--
-- Data for Name: wagtailcore_pagerevision; Type: TABLE DATA; Schema: public; Owner: postgres
--

COPY public.wagtailcore_pagerevision (id, submitted_for_moderation, created_at, content, approved_go_live_at, page_id, user_id) FROM stdin;
1	f	2022-09-01 22:12:34.33113+00	{"pk": 4, "live": true, "path": "00010002", "slug": "base-route", "depth": 2, "owner": 1, "title": "Base Route", "locale": 1, "locked": false, "expired": false, "alias_of": null, "numchild": 0, "url_path": "/base-route/", "expire_at": null, "locked_at": null, "locked_by": null, "seo_title": "", "go_live_at": null, "draft_title": "Base Route", "content_type": 20, "live_revision": null, "show_in_menus": false, "translation_key": "9dc1515c-4d6e-414c-b970-da312f5a670d", "last_published_at": null, "first_published_at": null, "search_description": "", "wagtail_admin_comments": [], "has_unpublished_changes": false, "latest_revision_created_at": null}	\N	4	1
2	f	2022-09-02 12:45:15.791197+00	{"pk": 5, "live": true, "logo": null, "path": "000100020001", "slug": "butex-student-dashboard", "depth": 3, "owner": 1, "title": "Butex student dashboard", "locale": 1, "locked": false, "expired": false, "alias_of": null, "numchild": 0, "url_path": "/base-route/butex-student-dashboard/", "expire_at": null, "institute": 2, "locked_at": null, "locked_by": null, "seo_title": "", "go_live_at": null, "draft_title": "Butex student dashboard", "announcement": "", "content_type": 19, "live_revision": null, "show_in_menus": false, "welcome_title": "", "translation_key": "ad6401fb-9b76-4b6c-b6df-d7fd0c2f53e4", "last_published_at": null, "first_published_at": null, "search_description": "", "wagtail_admin_comments": [], "has_unpublished_changes": false, "latest_revision_created_at": null}	\N	5	1
3	f	2022-09-02 14:53:48.950368+00	{"pk": 6, "live": true, "logo": null, "path": "000100020002", "slug": "textile-engineeriing-college", "depth": 3, "owner": 1, "title": "Textile Engineeriing College", "locale": 1, "locked": false, "expired": false, "alias_of": null, "numchild": 0, "url_path": "/base-route/textile-engineeriing-college/", "expire_at": null, "institute": 1, "locked_at": null, "locked_by": null, "seo_title": "", "go_live_at": null, "draft_title": "Textile Engineeriing College", "announcement": "", "content_type": 19, "live_revision": null, "show_in_menus": false, "welcome_title": "", "translation_key": "5b29478a-945e-4424-bd27-40c0dc93b770", "last_published_at": null, "first_published_at": null, "search_description": "", "wagtail_admin_comments": [], "has_unpublished_changes": false, "latest_revision_created_at": null}	\N	6	1
\.


--
-- Data for Name: wagtailcore_pagesubscription; Type: TABLE DATA; Schema: public; Owner: postgres
--

COPY public.wagtailcore_pagesubscription (id, comment_notifications, page_id, user_id) FROM stdin;
1	t	4	1
2	t	5	1
3	t	6	1
\.


--
-- Data for Name: wagtailcore_pageviewrestriction; Type: TABLE DATA; Schema: public; Owner: postgres
--

COPY public.wagtailcore_pageviewrestriction (id, password, page_id, restriction_type) FROM stdin;
\.


--
-- Data for Name: wagtailcore_pageviewrestriction_groups; Type: TABLE DATA; Schema: public; Owner: postgres
--

COPY public.wagtailcore_pageviewrestriction_groups (id, pageviewrestriction_id, group_id) FROM stdin;
\.


--
-- Data for Name: wagtailcore_site; Type: TABLE DATA; Schema: public; Owner: postgres
--

COPY public.wagtailcore_site (id, hostname, port, is_default_site, root_page_id, site_name) FROM stdin;
2	butex.freshosoft.dev	80	t	4	butex.freshosoft.dev
\.


--
-- Data for Name: wagtailcore_task; Type: TABLE DATA; Schema: public; Owner: postgres
--

COPY public.wagtailcore_task (id, name, active, content_type_id) FROM stdin;
1	Moderators approval	t	2
\.


--
-- Data for Name: wagtailcore_taskstate; Type: TABLE DATA; Schema: public; Owner: postgres
--

COPY public.wagtailcore_taskstate (id, status, started_at, finished_at, content_type_id, page_revision_id, task_id, workflow_state_id, finished_by_id, comment) FROM stdin;
\.


--
-- Data for Name: wagtailcore_workflow; Type: TABLE DATA; Schema: public; Owner: postgres
--

COPY public.wagtailcore_workflow (id, name, active) FROM stdin;
1	Moderators approval	t
\.


--
-- Data for Name: wagtailcore_workflowpage; Type: TABLE DATA; Schema: public; Owner: postgres
--

COPY public.wagtailcore_workflowpage (page_id, workflow_id) FROM stdin;
1	1
\.


--
-- Data for Name: wagtailcore_workflowstate; Type: TABLE DATA; Schema: public; Owner: postgres
--

COPY public.wagtailcore_workflowstate (id, status, created_at, current_task_state_id, page_id, requested_by_id, workflow_id) FROM stdin;
\.


--
-- Data for Name: wagtailcore_workflowtask; Type: TABLE DATA; Schema: public; Owner: postgres
--

COPY public.wagtailcore_workflowtask (id, sort_order, task_id, workflow_id) FROM stdin;
1	0	1	1
\.


--
-- Data for Name: wagtaildocs_document; Type: TABLE DATA; Schema: public; Owner: postgres
--

COPY public.wagtaildocs_document (id, title, file, created_at, uploaded_by_user_id, collection_id, file_size, file_hash) FROM stdin;
\.


--
-- Data for Name: wagtaildocs_uploadeddocument; Type: TABLE DATA; Schema: public; Owner: postgres
--

COPY public.wagtaildocs_uploadeddocument (id, file, uploaded_by_user_id) FROM stdin;
\.


--
-- Data for Name: wagtailembeds_embed; Type: TABLE DATA; Schema: public; Owner: postgres
--

COPY public.wagtailembeds_embed (id, url, max_width, type, html, title, author_name, provider_name, thumbnail_url, width, height, last_updated, hash, cache_until) FROM stdin;
\.


--
-- Data for Name: wagtailforms_formsubmission; Type: TABLE DATA; Schema: public; Owner: postgres
--

COPY public.wagtailforms_formsubmission (id, form_data, submit_time, page_id) FROM stdin;
\.


--
-- Data for Name: wagtailimages_image; Type: TABLE DATA; Schema: public; Owner: postgres
--

COPY public.wagtailimages_image (id, title, file, width, height, created_at, focal_point_x, focal_point_y, focal_point_width, focal_point_height, uploaded_by_user_id, file_size, collection_id, file_hash) FROM stdin;
\.


--
-- Data for Name: wagtailimages_rendition; Type: TABLE DATA; Schema: public; Owner: postgres
--

COPY public.wagtailimages_rendition (id, file, width, height, focal_point_key, filter_spec, image_id) FROM stdin;
\.


--
-- Data for Name: wagtailimages_uploadedimage; Type: TABLE DATA; Schema: public; Owner: postgres
--

COPY public.wagtailimages_uploadedimage (id, file, uploaded_by_user_id) FROM stdin;
\.


--
-- Data for Name: wagtailredirects_redirect; Type: TABLE DATA; Schema: public; Owner: postgres
--

COPY public.wagtailredirects_redirect (id, old_path, is_permanent, redirect_link, redirect_page_id, site_id, automatically_created, created_at, redirect_page_route_path) FROM stdin;
\.


--
-- Data for Name: wagtailsearch_editorspick; Type: TABLE DATA; Schema: public; Owner: postgres
--

COPY public.wagtailsearch_editorspick (id, sort_order, description, page_id, query_id) FROM stdin;
\.


--
-- Data for Name: wagtailsearch_indexentry; Type: TABLE DATA; Schema: public; Owner: postgres
--

COPY public.wagtailsearch_indexentry (id, object_id, title_norm, content_type_id, autocomplete, title, body) FROM stdin;
1	1	2	1	'root':1	'root':1B	
91	29	1.25	11	'cheyanne':1 'madrilejo':2	'cheyann':1A 'madrilejo':2A	
23	4	0.8666666666666667	11	'1':3 'excel':2 'test':1	'1':3A 'excel':2A 'test':1A	
2	1	0.6666666666666666	11	'1':3 'excel':2 'test':1	'1':3A 'excel':2A 'test':1A	
49	6	0.9047619047619048	11	'1':3 'excel':2 'test':1	'1':3A 'excel':2A 'test':1A	
9	2	0.7777777777777778	11	'1':3 'excel':2 'test':1	'1':3A 'excel':2A 'test':1A	
16	3	0.8333333333333334	11	'1':3 'excel':2 'test':1	'1':3A 'excel':2A 'test':1A	
34	5	0.8888888888888888	11	'1':3 'excel':2 'test':1	'1':3A 'excel':2A 'test':1A	
80	25	0.8333333333333334	11	'1':3 'excel':2 'test':1	'1':3A 'excel':2A 'test':1A	
87	26	1.3333333333333333	11	'cael':1 'madrilejo':2	'cael':1A 'madrilejo':2A	
88	27	1.3	11	'cheyanne':1 'madrilejo':2	'cheyann':1A 'madrilejo':2A	
90	28	1.2727272727272727	11	'cael':1 'madrilejo':2	'cael':1A 'madrilejo':2A	
\.


--
-- Data for Name: wagtailsearch_query; Type: TABLE DATA; Schema: public; Owner: postgres
--

COPY public.wagtailsearch_query (id, query_string) FROM stdin;
\.


--
-- Data for Name: wagtailsearch_querydailyhits; Type: TABLE DATA; Schema: public; Owner: postgres
--

COPY public.wagtailsearch_querydailyhits (id, date, hits, query_id) FROM stdin;
\.


--
-- Data for Name: wagtailusers_userprofile; Type: TABLE DATA; Schema: public; Owner: postgres
--

COPY public.wagtailusers_userprofile (id, submitted_notifications, approved_notifications, rejected_notifications, user_id, preferred_language, current_time_zone, avatar, updated_comments_notifications) FROM stdin;
1	t	t	t	12				t
\.


--
-- Name: auth_group_id_seq; Type: SEQUENCE SET; Schema: public; Owner: postgres
--

SELECT pg_catalog.setval('public.auth_group_id_seq', 7, true);


--
-- Name: auth_group_permissions_id_seq; Type: SEQUENCE SET; Schema: public; Owner: postgres
--

SELECT pg_catalog.setval('public.auth_group_permissions_id_seq', 86, true);


--
-- Name: auth_permission_id_seq; Type: SEQUENCE SET; Schema: public; Owner: postgres
--

SELECT pg_catalog.setval('public.auth_permission_id_seq', 223, true);


--
-- Name: custom_dashboard_batchuploadresult_id_seq; Type: SEQUENCE SET; Schema: public; Owner: postgres
--

SELECT pg_catalog.setval('public.custom_dashboard_batchuploadresult_id_seq', 3, true);


--
-- Name: custom_dashboard_batchuploadresult_students_id_seq; Type: SEQUENCE SET; Schema: public; Owner: postgres
--

SELECT pg_catalog.setval('public.custom_dashboard_batchuploadresult_students_id_seq', 2, true);


--
-- Name: custom_dashboard_studentrecords_id_seq; Type: SEQUENCE SET; Schema: public; Owner: postgres
--

SELECT pg_catalog.setval('public.custom_dashboard_studentrecords_id_seq', 7, true);


--
-- Name: departments_batch_id_seq; Type: SEQUENCE SET; Schema: public; Owner: postgres
--

SELECT pg_catalog.setval('public.departments_batch_id_seq', 1, true);


--
-- Name: departments_batchyear_id_seq; Type: SEQUENCE SET; Schema: public; Owner: postgres
--

SELECT pg_catalog.setval('public.departments_batchyear_id_seq', 1, true);


--
-- Name: departments_batchyear_students_id_seq; Type: SEQUENCE SET; Schema: public; Owner: postgres
--

SELECT pg_catalog.setval('public.departments_batchyear_students_id_seq', 2, true);


--
-- Name: departments_department_id_seq; Type: SEQUENCE SET; Schema: public; Owner: postgres
--

SELECT pg_catalog.setval('public.departments_department_id_seq', 10, true);


--
-- Name: django_admin_log_id_seq; Type: SEQUENCE SET; Schema: public; Owner: postgres
--

SELECT pg_catalog.setval('public.django_admin_log_id_seq', 1, false);


--
-- Name: django_content_type_id_seq; Type: SEQUENCE SET; Schema: public; Owner: postgres
--

SELECT pg_catalog.setval('public.django_content_type_id_seq', 57, true);


--
-- Name: django_migrations_id_seq; Type: SEQUENCE SET; Schema: public; Owner: postgres
--

SELECT pg_catalog.setval('public.django_migrations_id_seq', 239, true);


--
-- Name: institutes_customdocument_id_seq; Type: SEQUENCE SET; Schema: public; Owner: postgres
--

SELECT pg_catalog.setval('public.institutes_customdocument_id_seq', 29, true);


--
-- Name: institutes_degree_id_seq; Type: SEQUENCE SET; Schema: public; Owner: postgres
--

SELECT pg_catalog.setval('public.institutes_degree_id_seq', 2, true);


--
-- Name: institutes_institute_id_seq; Type: SEQUENCE SET; Schema: public; Owner: postgres
--

SELECT pg_catalog.setval('public.institutes_institute_id_seq', 4, true);


--
-- Name: institutes_institutecollections_collection_id_seq; Type: SEQUENCE SET; Schema: public; Owner: postgres
--

SELECT pg_catalog.setval('public.institutes_institutecollections_collection_id_seq', 16, true);


--
-- Name: institutes_institutecollections_id_seq; Type: SEQUENCE SET; Schema: public; Owner: postgres
--

SELECT pg_catalog.setval('public.institutes_institutecollections_id_seq', 4, true);


--
-- Name: students_studentprofile_id_seq; Type: SEQUENCE SET; Schema: public; Owner: postgres
--

SELECT pg_catalog.setval('public.students_studentprofile_id_seq', 1, false);


--
-- Name: students_studentrecord_id_seq; Type: SEQUENCE SET; Schema: public; Owner: postgres
--

SELECT pg_catalog.setval('public.students_studentrecord_id_seq', 11, true);


--
-- Name: taggit_tag_id_seq; Type: SEQUENCE SET; Schema: public; Owner: postgres
--

SELECT pg_catalog.setval('public.taggit_tag_id_seq', 1, false);


--
-- Name: taggit_taggeditem_id_seq; Type: SEQUENCE SET; Schema: public; Owner: postgres
--

SELECT pg_catalog.setval('public.taggit_taggeditem_id_seq', 1, false);


--
-- Name: users_customgroup_id_seq; Type: SEQUENCE SET; Schema: public; Owner: postgres
--

SELECT pg_catalog.setval('public.users_customgroup_id_seq', 2, true);


--
-- Name: users_customgroup_roles_id_seq; Type: SEQUENCE SET; Schema: public; Owner: postgres
--

SELECT pg_catalog.setval('public.users_customgroup_roles_id_seq', 9, true);


--
-- Name: users_customuser_groups_id_seq; Type: SEQUENCE SET; Schema: public; Owner: postgres
--

SELECT pg_catalog.setval('public.users_customuser_groups_id_seq', 12, true);


--
-- Name: users_customuser_id_seq; Type: SEQUENCE SET; Schema: public; Owner: postgres
--

SELECT pg_catalog.setval('public.users_customuser_id_seq', 14, true);


--
-- Name: users_customuser_user_permissions_id_seq; Type: SEQUENCE SET; Schema: public; Owner: postgres
--

SELECT pg_catalog.setval('public.users_customuser_user_permissions_id_seq', 1, false);


--
-- Name: wagtailadmin_admin_id_seq; Type: SEQUENCE SET; Schema: public; Owner: postgres
--

SELECT pg_catalog.setval('public.wagtailadmin_admin_id_seq', 1, false);


--
-- Name: wagtailcore_collection_id_seq; Type: SEQUENCE SET; Schema: public; Owner: postgres
--

SELECT pg_catalog.setval('public.wagtailcore_collection_id_seq', 20, true);


--
-- Name: wagtailcore_collectionviewrestriction_groups_id_seq; Type: SEQUENCE SET; Schema: public; Owner: postgres
--

SELECT pg_catalog.setval('public.wagtailcore_collectionviewrestriction_groups_id_seq', 8, true);


--
-- Name: wagtailcore_collectionviewrestriction_id_seq; Type: SEQUENCE SET; Schema: public; Owner: postgres
--

SELECT pg_catalog.setval('public.wagtailcore_collectionviewrestriction_id_seq', 3, true);


--
-- Name: wagtailcore_comment_id_seq; Type: SEQUENCE SET; Schema: public; Owner: postgres
--

SELECT pg_catalog.setval('public.wagtailcore_comment_id_seq', 1, false);


--
-- Name: wagtailcore_commentreply_id_seq; Type: SEQUENCE SET; Schema: public; Owner: postgres
--

SELECT pg_catalog.setval('public.wagtailcore_commentreply_id_seq', 1, false);


--
-- Name: wagtailcore_groupapprovaltask_groups_id_seq; Type: SEQUENCE SET; Schema: public; Owner: postgres
--

SELECT pg_catalog.setval('public.wagtailcore_groupapprovaltask_groups_id_seq', 1, true);


--
-- Name: wagtailcore_groupcollectionpermission_id_seq; Type: SEQUENCE SET; Schema: public; Owner: postgres
--

SELECT pg_catalog.setval('public.wagtailcore_groupcollectionpermission_id_seq', 13, true);


--
-- Name: wagtailcore_grouppagepermission_id_seq; Type: SEQUENCE SET; Schema: public; Owner: postgres
--

SELECT pg_catalog.setval('public.wagtailcore_grouppagepermission_id_seq', 7, true);


--
-- Name: wagtailcore_locale_id_seq; Type: SEQUENCE SET; Schema: public; Owner: postgres
--

SELECT pg_catalog.setval('public.wagtailcore_locale_id_seq', 1, true);


--
-- Name: wagtailcore_modellogentry_id_seq; Type: SEQUENCE SET; Schema: public; Owner: postgres
--

SELECT pg_catalog.setval('public.wagtailcore_modellogentry_id_seq', 83, true);


--
-- Name: wagtailcore_page_id_seq; Type: SEQUENCE SET; Schema: public; Owner: postgres
--

SELECT pg_catalog.setval('public.wagtailcore_page_id_seq', 6, true);


--
-- Name: wagtailcore_pagelogentry_id_seq; Type: SEQUENCE SET; Schema: public; Owner: postgres
--

SELECT pg_catalog.setval('public.wagtailcore_pagelogentry_id_seq', 7, true);


--
-- Name: wagtailcore_pagerevision_id_seq; Type: SEQUENCE SET; Schema: public; Owner: postgres
--

SELECT pg_catalog.setval('public.wagtailcore_pagerevision_id_seq', 3, true);


--
-- Name: wagtailcore_pagesubscription_id_seq; Type: SEQUENCE SET; Schema: public; Owner: postgres
--

SELECT pg_catalog.setval('public.wagtailcore_pagesubscription_id_seq', 3, true);


--
-- Name: wagtailcore_pageviewrestriction_groups_id_seq; Type: SEQUENCE SET; Schema: public; Owner: postgres
--

SELECT pg_catalog.setval('public.wagtailcore_pageviewrestriction_groups_id_seq', 1, false);


--
-- Name: wagtailcore_pageviewrestriction_id_seq; Type: SEQUENCE SET; Schema: public; Owner: postgres
--

SELECT pg_catalog.setval('public.wagtailcore_pageviewrestriction_id_seq', 1, false);


--
-- Name: wagtailcore_site_id_seq; Type: SEQUENCE SET; Schema: public; Owner: postgres
--

SELECT pg_catalog.setval('public.wagtailcore_site_id_seq', 2, true);


--
-- Name: wagtailcore_task_id_seq; Type: SEQUENCE SET; Schema: public; Owner: postgres
--

SELECT pg_catalog.setval('public.wagtailcore_task_id_seq', 1, true);


--
-- Name: wagtailcore_taskstate_id_seq; Type: SEQUENCE SET; Schema: public; Owner: postgres
--

SELECT pg_catalog.setval('public.wagtailcore_taskstate_id_seq', 1, false);


--
-- Name: wagtailcore_workflow_id_seq; Type: SEQUENCE SET; Schema: public; Owner: postgres
--

SELECT pg_catalog.setval('public.wagtailcore_workflow_id_seq', 1, true);


--
-- Name: wagtailcore_workflowstate_id_seq; Type: SEQUENCE SET; Schema: public; Owner: postgres
--

SELECT pg_catalog.setval('public.wagtailcore_workflowstate_id_seq', 1, false);


--
-- Name: wagtailcore_workflowtask_id_seq; Type: SEQUENCE SET; Schema: public; Owner: postgres
--

SELECT pg_catalog.setval('public.wagtailcore_workflowtask_id_seq', 1, true);


--
-- Name: wagtaildocs_document_id_seq; Type: SEQUENCE SET; Schema: public; Owner: postgres
--

SELECT pg_catalog.setval('public.wagtaildocs_document_id_seq', 1, false);


--
-- Name: wagtaildocs_uploadeddocument_id_seq; Type: SEQUENCE SET; Schema: public; Owner: postgres
--

SELECT pg_catalog.setval('public.wagtaildocs_uploadeddocument_id_seq', 1, false);


--
-- Name: wagtailembeds_embed_id_seq; Type: SEQUENCE SET; Schema: public; Owner: postgres
--

SELECT pg_catalog.setval('public.wagtailembeds_embed_id_seq', 1, false);


--
-- Name: wagtailforms_formsubmission_id_seq; Type: SEQUENCE SET; Schema: public; Owner: postgres
--

SELECT pg_catalog.setval('public.wagtailforms_formsubmission_id_seq', 1, false);


--
-- Name: wagtailimages_image_id_seq; Type: SEQUENCE SET; Schema: public; Owner: postgres
--

SELECT pg_catalog.setval('public.wagtailimages_image_id_seq', 1, false);


--
-- Name: wagtailimages_rendition_id_seq; Type: SEQUENCE SET; Schema: public; Owner: postgres
--

SELECT pg_catalog.setval('public.wagtailimages_rendition_id_seq', 1, false);


--
-- Name: wagtailimages_uploadedimage_id_seq; Type: SEQUENCE SET; Schema: public; Owner: postgres
--

SELECT pg_catalog.setval('public.wagtailimages_uploadedimage_id_seq', 1, false);


--
-- Name: wagtailredirects_redirect_id_seq; Type: SEQUENCE SET; Schema: public; Owner: postgres
--

SELECT pg_catalog.setval('public.wagtailredirects_redirect_id_seq', 1, false);


--
-- Name: wagtailsearch_editorspick_id_seq; Type: SEQUENCE SET; Schema: public; Owner: postgres
--

SELECT pg_catalog.setval('public.wagtailsearch_editorspick_id_seq', 1, false);


--
-- Name: wagtailsearch_indexentry_id_seq; Type: SEQUENCE SET; Schema: public; Owner: postgres
--

SELECT pg_catalog.setval('public.wagtailsearch_indexentry_id_seq', 92, true);


--
-- Name: wagtailsearch_query_id_seq; Type: SEQUENCE SET; Schema: public; Owner: postgres
--

SELECT pg_catalog.setval('public.wagtailsearch_query_id_seq', 1, false);


--
-- Name: wagtailsearch_querydailyhits_id_seq; Type: SEQUENCE SET; Schema: public; Owner: postgres
--

SELECT pg_catalog.setval('public.wagtailsearch_querydailyhits_id_seq', 1, false);


--
-- Name: wagtailusers_userprofile_id_seq; Type: SEQUENCE SET; Schema: public; Owner: postgres
--

SELECT pg_catalog.setval('public.wagtailusers_userprofile_id_seq', 1, true);


--
-- Name: auth_group auth_group_name_key; Type: CONSTRAINT; Schema: public; Owner: postgres
--

ALTER TABLE ONLY public.auth_group
    ADD CONSTRAINT auth_group_name_key UNIQUE (name);


--
-- Name: auth_group_permissions auth_group_permissions_group_id_permission_id_0cd325b0_uniq; Type: CONSTRAINT; Schema: public; Owner: postgres
--

ALTER TABLE ONLY public.auth_group_permissions
    ADD CONSTRAINT auth_group_permissions_group_id_permission_id_0cd325b0_uniq UNIQUE (group_id, permission_id);


--
-- Name: auth_group_permissions auth_group_permissions_pkey; Type: CONSTRAINT; Schema: public; Owner: postgres
--

ALTER TABLE ONLY public.auth_group_permissions
    ADD CONSTRAINT auth_group_permissions_pkey PRIMARY KEY (id);


--
-- Name: auth_group auth_group_pkey; Type: CONSTRAINT; Schema: public; Owner: postgres
--

ALTER TABLE ONLY public.auth_group
    ADD CONSTRAINT auth_group_pkey PRIMARY KEY (id);


--
-- Name: auth_permission auth_permission_content_type_id_codename_01ab375a_uniq; Type: CONSTRAINT; Schema: public; Owner: postgres
--

ALTER TABLE ONLY public.auth_permission
    ADD CONSTRAINT auth_permission_content_type_id_codename_01ab375a_uniq UNIQUE (content_type_id, codename);


--
-- Name: auth_permission auth_permission_pkey; Type: CONSTRAINT; Schema: public; Owner: postgres
--

ALTER TABLE ONLY public.auth_permission
    ADD CONSTRAINT auth_permission_pkey PRIMARY KEY (id);


--
-- Name: custom_dashboard_batchuploadresult_students custom_dashboard_batchup_batchuploadresult_id_cus_fdbff72e_uniq; Type: CONSTRAINT; Schema: public; Owner: postgres
--

ALTER TABLE ONLY public.custom_dashboard_batchuploadresult_students
    ADD CONSTRAINT custom_dashboard_batchup_batchuploadresult_id_cus_fdbff72e_uniq UNIQUE (batchuploadresult_id, customuser_id);


--
-- Name: custom_dashboard_batchuploadresult custom_dashboard_batchuploadresult_collection_id_key; Type: CONSTRAINT; Schema: public; Owner: postgres
--

ALTER TABLE ONLY public.custom_dashboard_batchuploadresult
    ADD CONSTRAINT custom_dashboard_batchuploadresult_collection_id_key UNIQUE (collection_id);


--
-- Name: custom_dashboard_batchuploadresult custom_dashboard_batchuploadresult_pkey; Type: CONSTRAINT; Schema: public; Owner: postgres
--

ALTER TABLE ONLY public.custom_dashboard_batchuploadresult
    ADD CONSTRAINT custom_dashboard_batchuploadresult_pkey PRIMARY KEY (id);


--
-- Name: custom_dashboard_batchuploadresult_students custom_dashboard_batchuploadresult_students_pkey; Type: CONSTRAINT; Schema: public; Owner: postgres
--

ALTER TABLE ONLY public.custom_dashboard_batchuploadresult_students
    ADD CONSTRAINT custom_dashboard_batchuploadresult_students_pkey PRIMARY KEY (id);


--
-- Name: custom_dashboard_studentrecords custom_dashboard_studentrecords_pkey; Type: CONSTRAINT; Schema: public; Owner: postgres
--

ALTER TABLE ONLY public.custom_dashboard_studentrecords
    ADD CONSTRAINT custom_dashboard_studentrecords_pkey PRIMARY KEY (id);


--
-- Name: departments_batch departments_batch_collection_id_key; Type: CONSTRAINT; Schema: public; Owner: postgres
--

ALTER TABLE ONLY public.departments_batch
    ADD CONSTRAINT departments_batch_collection_id_key UNIQUE (collection_id);


--
-- Name: departments_batch departments_batch_custom_id_key; Type: CONSTRAINT; Schema: public; Owner: postgres
--

ALTER TABLE ONLY public.departments_batch
    ADD CONSTRAINT departments_batch_custom_id_key UNIQUE (custom_id);


--
-- Name: departments_batch departments_batch_department_id_name_ac83931a_uniq; Type: CONSTRAINT; Schema: public; Owner: postgres
--

ALTER TABLE ONLY public.departments_batch
    ADD CONSTRAINT departments_batch_department_id_name_ac83931a_uniq UNIQUE (department_id, name);


--
-- Name: departments_batch departments_batch_pkey; Type: CONSTRAINT; Schema: public; Owner: postgres
--

ALTER TABLE ONLY public.departments_batch
    ADD CONSTRAINT departments_batch_pkey PRIMARY KEY (id);


--
-- Name: departments_batchyear departments_batchyear_batch_id_year_from_year_to_7bc8e2d7_uniq; Type: CONSTRAINT; Schema: public; Owner: postgres
--

ALTER TABLE ONLY public.departments_batchyear
    ADD CONSTRAINT departments_batchyear_batch_id_year_from_year_to_7bc8e2d7_uniq UNIQUE (batch_id, year_from, year_to);


--
-- Name: departments_batchyear departments_batchyear_collection_id_key; Type: CONSTRAINT; Schema: public; Owner: postgres
--

ALTER TABLE ONLY public.departments_batchyear
    ADD CONSTRAINT departments_batchyear_collection_id_key UNIQUE (collection_id);


--
-- Name: departments_batchyear departments_batchyear_pkey; Type: CONSTRAINT; Schema: public; Owner: postgres
--

ALTER TABLE ONLY public.departments_batchyear
    ADD CONSTRAINT departments_batchyear_pkey PRIMARY KEY (id);


--
-- Name: departments_batchyear_students departments_batchyear_st_batchyear_id_customuser__d35e3028_uniq; Type: CONSTRAINT; Schema: public; Owner: postgres
--

ALTER TABLE ONLY public.departments_batchyear_students
    ADD CONSTRAINT departments_batchyear_st_batchyear_id_customuser__d35e3028_uniq UNIQUE (batchyear_id, customuser_id);


--
-- Name: departments_batchyear_students departments_batchyear_students_pkey; Type: CONSTRAINT; Schema: public; Owner: postgres
--

ALTER TABLE ONLY public.departments_batchyear_students
    ADD CONSTRAINT departments_batchyear_students_pkey PRIMARY KEY (id);


--
-- Name: departments_department departments_department_collection_id_key; Type: CONSTRAINT; Schema: public; Owner: postgres
--

ALTER TABLE ONLY public.departments_department
    ADD CONSTRAINT departments_department_collection_id_key UNIQUE (collection_id);


--
-- Name: departments_department departments_department_custom_id_key; Type: CONSTRAINT; Schema: public; Owner: postgres
--

ALTER TABLE ONLY public.departments_department
    ADD CONSTRAINT departments_department_custom_id_key UNIQUE (custom_id);


--
-- Name: departments_department departments_department_institute_id_name_code_c4a6c30e_uniq; Type: CONSTRAINT; Schema: public; Owner: postgres
--

ALTER TABLE ONLY public.departments_department
    ADD CONSTRAINT departments_department_institute_id_name_code_c4a6c30e_uniq UNIQUE (institute_id, name, code);


--
-- Name: departments_department departments_department_pkey; Type: CONSTRAINT; Schema: public; Owner: postgres
--

ALTER TABLE ONLY public.departments_department
    ADD CONSTRAINT departments_department_pkey PRIMARY KEY (id);


--
-- Name: django_admin_log django_admin_log_pkey; Type: CONSTRAINT; Schema: public; Owner: postgres
--

ALTER TABLE ONLY public.django_admin_log
    ADD CONSTRAINT django_admin_log_pkey PRIMARY KEY (id);


--
-- Name: django_content_type django_content_type_app_label_model_76bd3d3b_uniq; Type: CONSTRAINT; Schema: public; Owner: postgres
--

ALTER TABLE ONLY public.django_content_type
    ADD CONSTRAINT django_content_type_app_label_model_76bd3d3b_uniq UNIQUE (app_label, model);


--
-- Name: django_content_type django_content_type_pkey; Type: CONSTRAINT; Schema: public; Owner: postgres
--

ALTER TABLE ONLY public.django_content_type
    ADD CONSTRAINT django_content_type_pkey PRIMARY KEY (id);


--
-- Name: django_migrations django_migrations_pkey; Type: CONSTRAINT; Schema: public; Owner: postgres
--

ALTER TABLE ONLY public.django_migrations
    ADD CONSTRAINT django_migrations_pkey PRIMARY KEY (id);


--
-- Name: django_session django_session_pkey; Type: CONSTRAINT; Schema: public; Owner: postgres
--

ALTER TABLE ONLY public.django_session
    ADD CONSTRAINT django_session_pkey PRIMARY KEY (session_key);


--
-- Name: institutes_customdocument institutes_customdocument_pkey; Type: CONSTRAINT; Schema: public; Owner: postgres
--

ALTER TABLE ONLY public.institutes_customdocument
    ADD CONSTRAINT institutes_customdocument_pkey PRIMARY KEY (id);


--
-- Name: institutes_degree institutes_degree_custom_id_key; Type: CONSTRAINT; Schema: public; Owner: postgres
--

ALTER TABLE ONLY public.institutes_degree
    ADD CONSTRAINT institutes_degree_custom_id_key UNIQUE (custom_id);


--
-- Name: institutes_degree institutes_degree_pkey; Type: CONSTRAINT; Schema: public; Owner: postgres
--

ALTER TABLE ONLY public.institutes_degree
    ADD CONSTRAINT institutes_degree_pkey PRIMARY KEY (id);


--
-- Name: institutes_institute institutes_institute_collection_id_key; Type: CONSTRAINT; Schema: public; Owner: postgres
--

ALTER TABLE ONLY public.institutes_institute
    ADD CONSTRAINT institutes_institute_collection_id_key UNIQUE (collection_id);


--
-- Name: institutes_institute institutes_institute_custom_id_key; Type: CONSTRAINT; Schema: public; Owner: postgres
--

ALTER TABLE ONLY public.institutes_institute
    ADD CONSTRAINT institutes_institute_custom_id_key UNIQUE (custom_id);


--
-- Name: institutes_institute institutes_institute_name_8ee93564_uniq; Type: CONSTRAINT; Schema: public; Owner: postgres
--

ALTER TABLE ONLY public.institutes_institute
    ADD CONSTRAINT institutes_institute_name_8ee93564_uniq UNIQUE (name);


--
-- Name: institutes_institute institutes_institute_pkey; Type: CONSTRAINT; Schema: public; Owner: postgres
--

ALTER TABLE ONLY public.institutes_institute
    ADD CONSTRAINT institutes_institute_pkey PRIMARY KEY (id);


--
-- Name: institutes_institutecollections_collection institutes_institutecoll_institutecollections_id__5e3ec7df_uniq; Type: CONSTRAINT; Schema: public; Owner: postgres
--

ALTER TABLE ONLY public.institutes_institutecollections_collection
    ADD CONSTRAINT institutes_institutecoll_institutecollections_id__5e3ec7df_uniq UNIQUE (institutecollections_id, collection_id);


--
-- Name: institutes_institutecollections_collection institutes_institutecollections_collection_pkey; Type: CONSTRAINT; Schema: public; Owner: postgres
--

ALTER TABLE ONLY public.institutes_institutecollections_collection
    ADD CONSTRAINT institutes_institutecollections_collection_pkey PRIMARY KEY (id);


--
-- Name: institutes_institutecollections institutes_institutecollections_institute_id_key; Type: CONSTRAINT; Schema: public; Owner: postgres
--

ALTER TABLE ONLY public.institutes_institutecollections
    ADD CONSTRAINT institutes_institutecollections_institute_id_key UNIQUE (institute_id);


--
-- Name: institutes_institutecollections institutes_institutecollections_pkey; Type: CONSTRAINT; Schema: public; Owner: postgres
--

ALTER TABLE ONLY public.institutes_institutecollections
    ADD CONSTRAINT institutes_institutecollections_pkey PRIMARY KEY (id);


--
-- Name: students_studenthomepage students_studenthomepage_institute_id_key; Type: CONSTRAINT; Schema: public; Owner: postgres
--

ALTER TABLE ONLY public.students_studenthomepage
    ADD CONSTRAINT students_studenthomepage_institute_id_key UNIQUE (institute_id);


--
-- Name: students_studenthomepage students_studenthomepage_pkey; Type: CONSTRAINT; Schema: public; Owner: postgres
--

ALTER TABLE ONLY public.students_studenthomepage
    ADD CONSTRAINT students_studenthomepage_pkey PRIMARY KEY (page_ptr_id);


--
-- Name: students_studenthomepageroute students_studenthomepageroute_pkey; Type: CONSTRAINT; Schema: public; Owner: postgres
--

ALTER TABLE ONLY public.students_studenthomepageroute
    ADD CONSTRAINT students_studenthomepageroute_pkey PRIMARY KEY (page_ptr_id);


--
-- Name: students_studentprofile students_studentprofile_pkey; Type: CONSTRAINT; Schema: public; Owner: postgres
--

ALTER TABLE ONLY public.students_studentprofile
    ADD CONSTRAINT students_studentprofile_pkey PRIMARY KEY (id);


--
-- Name: students_studentprofile students_studentprofile_user_id_43a83eee_uniq; Type: CONSTRAINT; Schema: public; Owner: postgres
--

ALTER TABLE ONLY public.students_studentprofile
    ADD CONSTRAINT students_studentprofile_user_id_43a83eee_uniq UNIQUE (user_id);


--
-- Name: students_studentrecord students_studentrecord_pkey; Type: CONSTRAINT; Schema: public; Owner: postgres
--

ALTER TABLE ONLY public.students_studentrecord
    ADD CONSTRAINT students_studentrecord_pkey PRIMARY KEY (id);


--
-- Name: taggit_tag taggit_tag_name_key; Type: CONSTRAINT; Schema: public; Owner: postgres
--

ALTER TABLE ONLY public.taggit_tag
    ADD CONSTRAINT taggit_tag_name_key UNIQUE (name);


--
-- Name: taggit_tag taggit_tag_pkey; Type: CONSTRAINT; Schema: public; Owner: postgres
--

ALTER TABLE ONLY public.taggit_tag
    ADD CONSTRAINT taggit_tag_pkey PRIMARY KEY (id);


--
-- Name: taggit_tag taggit_tag_slug_key; Type: CONSTRAINT; Schema: public; Owner: postgres
--

ALTER TABLE ONLY public.taggit_tag
    ADD CONSTRAINT taggit_tag_slug_key UNIQUE (slug);


--
-- Name: taggit_taggeditem taggit_taggeditem_content_type_id_object_i_4bb97a8e_uniq; Type: CONSTRAINT; Schema: public; Owner: postgres
--

ALTER TABLE ONLY public.taggit_taggeditem
    ADD CONSTRAINT taggit_taggeditem_content_type_id_object_i_4bb97a8e_uniq UNIQUE (content_type_id, object_id, tag_id);


--
-- Name: taggit_taggeditem taggit_taggeditem_pkey; Type: CONSTRAINT; Schema: public; Owner: postgres
--

ALTER TABLE ONLY public.taggit_taggeditem
    ADD CONSTRAINT taggit_taggeditem_pkey PRIMARY KEY (id);


--
-- Name: users_customgroup users_customgroup_pkey; Type: CONSTRAINT; Schema: public; Owner: postgres
--

ALTER TABLE ONLY public.users_customgroup
    ADD CONSTRAINT users_customgroup_pkey PRIMARY KEY (id);


--
-- Name: users_customgroup_roles users_customgroup_roles_customgroup_id_group_id_a5417d2d_uniq; Type: CONSTRAINT; Schema: public; Owner: postgres
--

ALTER TABLE ONLY public.users_customgroup_roles
    ADD CONSTRAINT users_customgroup_roles_customgroup_id_group_id_a5417d2d_uniq UNIQUE (customgroup_id, group_id);


--
-- Name: users_customgroup_roles users_customgroup_roles_pkey; Type: CONSTRAINT; Schema: public; Owner: postgres
--

ALTER TABLE ONLY public.users_customgroup_roles
    ADD CONSTRAINT users_customgroup_roles_pkey PRIMARY KEY (id);


--
-- Name: users_customuser_groups users_customuser_groups_customuser_id_group_id_76b619e3_uniq; Type: CONSTRAINT; Schema: public; Owner: postgres
--

ALTER TABLE ONLY public.users_customuser_groups
    ADD CONSTRAINT users_customuser_groups_customuser_id_group_id_76b619e3_uniq UNIQUE (customuser_id, group_id);


--
-- Name: users_customuser_groups users_customuser_groups_pkey; Type: CONSTRAINT; Schema: public; Owner: postgres
--

ALTER TABLE ONLY public.users_customuser_groups
    ADD CONSTRAINT users_customuser_groups_pkey PRIMARY KEY (id);


--
-- Name: users_customuser users_customuser_pkey; Type: CONSTRAINT; Schema: public; Owner: postgres
--

ALTER TABLE ONLY public.users_customuser
    ADD CONSTRAINT users_customuser_pkey PRIMARY KEY (id);


--
-- Name: users_customuser_user_permissions users_customuser_user_pe_customuser_id_permission_7a7debf6_uniq; Type: CONSTRAINT; Schema: public; Owner: postgres
--

ALTER TABLE ONLY public.users_customuser_user_permissions
    ADD CONSTRAINT users_customuser_user_pe_customuser_id_permission_7a7debf6_uniq UNIQUE (customuser_id, permission_id);


--
-- Name: users_customuser_user_permissions users_customuser_user_permissions_pkey; Type: CONSTRAINT; Schema: public; Owner: postgres
--

ALTER TABLE ONLY public.users_customuser_user_permissions
    ADD CONSTRAINT users_customuser_user_permissions_pkey PRIMARY KEY (id);


--
-- Name: users_customuser users_customuser_username_key; Type: CONSTRAINT; Schema: public; Owner: postgres
--

ALTER TABLE ONLY public.users_customuser
    ADD CONSTRAINT users_customuser_username_key UNIQUE (username);


--
-- Name: wagtailadmin_admin wagtailadmin_admin_pkey; Type: CONSTRAINT; Schema: public; Owner: postgres
--

ALTER TABLE ONLY public.wagtailadmin_admin
    ADD CONSTRAINT wagtailadmin_admin_pkey PRIMARY KEY (id);


--
-- Name: wagtailcore_collection wagtailcore_collection_path_key; Type: CONSTRAINT; Schema: public; Owner: postgres
--

ALTER TABLE ONLY public.wagtailcore_collection
    ADD CONSTRAINT wagtailcore_collection_path_key UNIQUE (path);


--
-- Name: wagtailcore_collection wagtailcore_collection_pkey; Type: CONSTRAINT; Schema: public; Owner: postgres
--

ALTER TABLE ONLY public.wagtailcore_collection
    ADD CONSTRAINT wagtailcore_collection_pkey PRIMARY KEY (id);


--
-- Name: wagtailcore_collectionviewrestriction_groups wagtailcore_collectionvi_collectionviewrestrictio_988995ae_uniq; Type: CONSTRAINT; Schema: public; Owner: postgres
--

ALTER TABLE ONLY public.wagtailcore_collectionviewrestriction_groups
    ADD CONSTRAINT wagtailcore_collectionvi_collectionviewrestrictio_988995ae_uniq UNIQUE (collectionviewrestriction_id, group_id);


--
-- Name: wagtailcore_collectionviewrestriction_groups wagtailcore_collectionviewrestriction_groups_pkey; Type: CONSTRAINT; Schema: public; Owner: postgres
--

ALTER TABLE ONLY public.wagtailcore_collectionviewrestriction_groups
    ADD CONSTRAINT wagtailcore_collectionviewrestriction_groups_pkey PRIMARY KEY (id);


--
-- Name: wagtailcore_collectionviewrestriction wagtailcore_collectionviewrestriction_pkey; Type: CONSTRAINT; Schema: public; Owner: postgres
--

ALTER TABLE ONLY public.wagtailcore_collectionviewrestriction
    ADD CONSTRAINT wagtailcore_collectionviewrestriction_pkey PRIMARY KEY (id);


--
-- Name: wagtailcore_comment wagtailcore_comment_pkey; Type: CONSTRAINT; Schema: public; Owner: postgres
--

ALTER TABLE ONLY public.wagtailcore_comment
    ADD CONSTRAINT wagtailcore_comment_pkey PRIMARY KEY (id);


--
-- Name: wagtailcore_commentreply wagtailcore_commentreply_pkey; Type: CONSTRAINT; Schema: public; Owner: postgres
--

ALTER TABLE ONLY public.wagtailcore_commentreply
    ADD CONSTRAINT wagtailcore_commentreply_pkey PRIMARY KEY (id);


--
-- Name: wagtailcore_groupapprovaltask_groups wagtailcore_groupapprova_groupapprovaltask_id_gro_bb5ee7eb_uniq; Type: CONSTRAINT; Schema: public; Owner: postgres
--

ALTER TABLE ONLY public.wagtailcore_groupapprovaltask_groups
    ADD CONSTRAINT wagtailcore_groupapprova_groupapprovaltask_id_gro_bb5ee7eb_uniq UNIQUE (groupapprovaltask_id, group_id);


--
-- Name: wagtailcore_groupapprovaltask_groups wagtailcore_groupapprovaltask_groups_pkey; Type: CONSTRAINT; Schema: public; Owner: postgres
--

ALTER TABLE ONLY public.wagtailcore_groupapprovaltask_groups
    ADD CONSTRAINT wagtailcore_groupapprovaltask_groups_pkey PRIMARY KEY (id);


--
-- Name: wagtailcore_groupapprovaltask wagtailcore_groupapprovaltask_pkey; Type: CONSTRAINT; Schema: public; Owner: postgres
--

ALTER TABLE ONLY public.wagtailcore_groupapprovaltask
    ADD CONSTRAINT wagtailcore_groupapprovaltask_pkey PRIMARY KEY (task_ptr_id);


--
-- Name: wagtailcore_groupcollectionpermission wagtailcore_groupcollect_group_id_collection_id_p_a21cefe9_uniq; Type: CONSTRAINT; Schema: public; Owner: postgres
--

ALTER TABLE ONLY public.wagtailcore_groupcollectionpermission
    ADD CONSTRAINT wagtailcore_groupcollect_group_id_collection_id_p_a21cefe9_uniq UNIQUE (group_id, collection_id, permission_id);


--
-- Name: wagtailcore_groupcollectionpermission wagtailcore_groupcollectionpermission_pkey; Type: CONSTRAINT; Schema: public; Owner: postgres
--

ALTER TABLE ONLY public.wagtailcore_groupcollectionpermission
    ADD CONSTRAINT wagtailcore_groupcollectionpermission_pkey PRIMARY KEY (id);


--
-- Name: wagtailcore_grouppagepermission wagtailcore_grouppageper_group_id_page_id_permiss_0898bdf8_uniq; Type: CONSTRAINT; Schema: public; Owner: postgres
--

ALTER TABLE ONLY public.wagtailcore_grouppagepermission
    ADD CONSTRAINT wagtailcore_grouppageper_group_id_page_id_permiss_0898bdf8_uniq UNIQUE (group_id, page_id, permission_type);


--
-- Name: wagtailcore_grouppagepermission wagtailcore_grouppagepermission_pkey; Type: CONSTRAINT; Schema: public; Owner: postgres
--

ALTER TABLE ONLY public.wagtailcore_grouppagepermission
    ADD CONSTRAINT wagtailcore_grouppagepermission_pkey PRIMARY KEY (id);


--
-- Name: wagtailcore_locale wagtailcore_locale_language_code_key; Type: CONSTRAINT; Schema: public; Owner: postgres
--

ALTER TABLE ONLY public.wagtailcore_locale
    ADD CONSTRAINT wagtailcore_locale_language_code_key UNIQUE (language_code);


--
-- Name: wagtailcore_locale wagtailcore_locale_pkey; Type: CONSTRAINT; Schema: public; Owner: postgres
--

ALTER TABLE ONLY public.wagtailcore_locale
    ADD CONSTRAINT wagtailcore_locale_pkey PRIMARY KEY (id);


--
-- Name: wagtailcore_modellogentry wagtailcore_modellogentry_pkey; Type: CONSTRAINT; Schema: public; Owner: postgres
--

ALTER TABLE ONLY public.wagtailcore_modellogentry
    ADD CONSTRAINT wagtailcore_modellogentry_pkey PRIMARY KEY (id);


--
-- Name: wagtailcore_page wagtailcore_page_path_key; Type: CONSTRAINT; Schema: public; Owner: postgres
--

ALTER TABLE ONLY public.wagtailcore_page
    ADD CONSTRAINT wagtailcore_page_path_key UNIQUE (path);


--
-- Name: wagtailcore_page wagtailcore_page_pkey; Type: CONSTRAINT; Schema: public; Owner: postgres
--

ALTER TABLE ONLY public.wagtailcore_page
    ADD CONSTRAINT wagtailcore_page_pkey PRIMARY KEY (id);


--
-- Name: wagtailcore_page wagtailcore_page_translation_key_locale_id_9b041bad_uniq; Type: CONSTRAINT; Schema: public; Owner: postgres
--

ALTER TABLE ONLY public.wagtailcore_page
    ADD CONSTRAINT wagtailcore_page_translation_key_locale_id_9b041bad_uniq UNIQUE (translation_key, locale_id);


--
-- Name: wagtailcore_pagelogentry wagtailcore_pagelogentry_pkey; Type: CONSTRAINT; Schema: public; Owner: postgres
--

ALTER TABLE ONLY public.wagtailcore_pagelogentry
    ADD CONSTRAINT wagtailcore_pagelogentry_pkey PRIMARY KEY (id);


--
-- Name: wagtailcore_pagerevision wagtailcore_pagerevision_pkey; Type: CONSTRAINT; Schema: public; Owner: postgres
--

ALTER TABLE ONLY public.wagtailcore_pagerevision
    ADD CONSTRAINT wagtailcore_pagerevision_pkey PRIMARY KEY (id);


--
-- Name: wagtailcore_pagesubscription wagtailcore_pagesubscription_page_id_user_id_0cef73ed_uniq; Type: CONSTRAINT; Schema: public; Owner: postgres
--

ALTER TABLE ONLY public.wagtailcore_pagesubscription
    ADD CONSTRAINT wagtailcore_pagesubscription_page_id_user_id_0cef73ed_uniq UNIQUE (page_id, user_id);


--
-- Name: wagtailcore_pagesubscription wagtailcore_pagesubscription_pkey; Type: CONSTRAINT; Schema: public; Owner: postgres
--

ALTER TABLE ONLY public.wagtailcore_pagesubscription
    ADD CONSTRAINT wagtailcore_pagesubscription_pkey PRIMARY KEY (id);


--
-- Name: wagtailcore_pageviewrestriction_groups wagtailcore_pageviewrest_pageviewrestriction_id_g_d23f80bb_uniq; Type: CONSTRAINT; Schema: public; Owner: postgres
--

ALTER TABLE ONLY public.wagtailcore_pageviewrestriction_groups
    ADD CONSTRAINT wagtailcore_pageviewrest_pageviewrestriction_id_g_d23f80bb_uniq UNIQUE (pageviewrestriction_id, group_id);


--
-- Name: wagtailcore_pageviewrestriction_groups wagtailcore_pageviewrestriction_groups_pkey; Type: CONSTRAINT; Schema: public; Owner: postgres
--

ALTER TABLE ONLY public.wagtailcore_pageviewrestriction_groups
    ADD CONSTRAINT wagtailcore_pageviewrestriction_groups_pkey PRIMARY KEY (id);


--
-- Name: wagtailcore_pageviewrestriction wagtailcore_pageviewrestriction_pkey; Type: CONSTRAINT; Schema: public; Owner: postgres
--

ALTER TABLE ONLY public.wagtailcore_pageviewrestriction
    ADD CONSTRAINT wagtailcore_pageviewrestriction_pkey PRIMARY KEY (id);


--
-- Name: wagtailcore_site wagtailcore_site_hostname_port_2c626d70_uniq; Type: CONSTRAINT; Schema: public; Owner: postgres
--

ALTER TABLE ONLY public.wagtailcore_site
    ADD CONSTRAINT wagtailcore_site_hostname_port_2c626d70_uniq UNIQUE (hostname, port);


--
-- Name: wagtailcore_site wagtailcore_site_pkey; Type: CONSTRAINT; Schema: public; Owner: postgres
--

ALTER TABLE ONLY public.wagtailcore_site
    ADD CONSTRAINT wagtailcore_site_pkey PRIMARY KEY (id);


--
-- Name: wagtailcore_task wagtailcore_task_pkey; Type: CONSTRAINT; Schema: public; Owner: postgres
--

ALTER TABLE ONLY public.wagtailcore_task
    ADD CONSTRAINT wagtailcore_task_pkey PRIMARY KEY (id);


--
-- Name: wagtailcore_taskstate wagtailcore_taskstate_pkey; Type: CONSTRAINT; Schema: public; Owner: postgres
--

ALTER TABLE ONLY public.wagtailcore_taskstate
    ADD CONSTRAINT wagtailcore_taskstate_pkey PRIMARY KEY (id);


--
-- Name: wagtailcore_workflow wagtailcore_workflow_pkey; Type: CONSTRAINT; Schema: public; Owner: postgres
--

ALTER TABLE ONLY public.wagtailcore_workflow
    ADD CONSTRAINT wagtailcore_workflow_pkey PRIMARY KEY (id);


--
-- Name: wagtailcore_workflowpage wagtailcore_workflowpage_pkey; Type: CONSTRAINT; Schema: public; Owner: postgres
--

ALTER TABLE ONLY public.wagtailcore_workflowpage
    ADD CONSTRAINT wagtailcore_workflowpage_pkey PRIMARY KEY (page_id);


--
-- Name: wagtailcore_workflowstate wagtailcore_workflowstate_current_task_state_id_key; Type: CONSTRAINT; Schema: public; Owner: postgres
--

ALTER TABLE ONLY public.wagtailcore_workflowstate
    ADD CONSTRAINT wagtailcore_workflowstate_current_task_state_id_key UNIQUE (current_task_state_id);


--
-- Name: wagtailcore_workflowstate wagtailcore_workflowstate_pkey; Type: CONSTRAINT; Schema: public; Owner: postgres
--

ALTER TABLE ONLY public.wagtailcore_workflowstate
    ADD CONSTRAINT wagtailcore_workflowstate_pkey PRIMARY KEY (id);


--
-- Name: wagtailcore_workflowtask wagtailcore_workflowtask_pkey; Type: CONSTRAINT; Schema: public; Owner: postgres
--

ALTER TABLE ONLY public.wagtailcore_workflowtask
    ADD CONSTRAINT wagtailcore_workflowtask_pkey PRIMARY KEY (id);


--
-- Name: wagtailcore_workflowtask wagtailcore_workflowtask_workflow_id_task_id_4ec7a62b_uniq; Type: CONSTRAINT; Schema: public; Owner: postgres
--

ALTER TABLE ONLY public.wagtailcore_workflowtask
    ADD CONSTRAINT wagtailcore_workflowtask_workflow_id_task_id_4ec7a62b_uniq UNIQUE (workflow_id, task_id);


--
-- Name: wagtaildocs_document wagtaildocs_document_pkey; Type: CONSTRAINT; Schema: public; Owner: postgres
--

ALTER TABLE ONLY public.wagtaildocs_document
    ADD CONSTRAINT wagtaildocs_document_pkey PRIMARY KEY (id);


--
-- Name: wagtaildocs_uploadeddocument wagtaildocs_uploadeddocument_pkey; Type: CONSTRAINT; Schema: public; Owner: postgres
--

ALTER TABLE ONLY public.wagtaildocs_uploadeddocument
    ADD CONSTRAINT wagtaildocs_uploadeddocument_pkey PRIMARY KEY (id);


--
-- Name: wagtailembeds_embed wagtailembeds_embed_hash_c9bd8c9a_uniq; Type: CONSTRAINT; Schema: public; Owner: postgres
--

ALTER TABLE ONLY public.wagtailembeds_embed
    ADD CONSTRAINT wagtailembeds_embed_hash_c9bd8c9a_uniq UNIQUE (hash);


--
-- Name: wagtailembeds_embed wagtailembeds_embed_pkey; Type: CONSTRAINT; Schema: public; Owner: postgres
--

ALTER TABLE ONLY public.wagtailembeds_embed
    ADD CONSTRAINT wagtailembeds_embed_pkey PRIMARY KEY (id);


--
-- Name: wagtailforms_formsubmission wagtailforms_formsubmission_pkey; Type: CONSTRAINT; Schema: public; Owner: postgres
--

ALTER TABLE ONLY public.wagtailforms_formsubmission
    ADD CONSTRAINT wagtailforms_formsubmission_pkey PRIMARY KEY (id);


--
-- Name: wagtailimages_image wagtailimages_image_pkey; Type: CONSTRAINT; Schema: public; Owner: postgres
--

ALTER TABLE ONLY public.wagtailimages_image
    ADD CONSTRAINT wagtailimages_image_pkey PRIMARY KEY (id);


--
-- Name: wagtailimages_rendition wagtailimages_rendition_image_id_filter_spec_foc_323c8fe0_uniq; Type: CONSTRAINT; Schema: public; Owner: postgres
--

ALTER TABLE ONLY public.wagtailimages_rendition
    ADD CONSTRAINT wagtailimages_rendition_image_id_filter_spec_foc_323c8fe0_uniq UNIQUE (image_id, filter_spec, focal_point_key);


--
-- Name: wagtailimages_rendition wagtailimages_rendition_pkey; Type: CONSTRAINT; Schema: public; Owner: postgres
--

ALTER TABLE ONLY public.wagtailimages_rendition
    ADD CONSTRAINT wagtailimages_rendition_pkey PRIMARY KEY (id);


--
-- Name: wagtailimages_uploadedimage wagtailimages_uploadedimage_pkey; Type: CONSTRAINT; Schema: public; Owner: postgres
--

ALTER TABLE ONLY public.wagtailimages_uploadedimage
    ADD CONSTRAINT wagtailimages_uploadedimage_pkey PRIMARY KEY (id);


--
-- Name: wagtailredirects_redirect wagtailredirects_redirect_old_path_site_id_783622d7_uniq; Type: CONSTRAINT; Schema: public; Owner: postgres
--

ALTER TABLE ONLY public.wagtailredirects_redirect
    ADD CONSTRAINT wagtailredirects_redirect_old_path_site_id_783622d7_uniq UNIQUE (old_path, site_id);


--
-- Name: wagtailredirects_redirect wagtailredirects_redirect_pkey; Type: CONSTRAINT; Schema: public; Owner: postgres
--

ALTER TABLE ONLY public.wagtailredirects_redirect
    ADD CONSTRAINT wagtailredirects_redirect_pkey PRIMARY KEY (id);


--
-- Name: wagtailsearch_editorspick wagtailsearch_editorspick_pkey; Type: CONSTRAINT; Schema: public; Owner: postgres
--

ALTER TABLE ONLY public.wagtailsearch_editorspick
    ADD CONSTRAINT wagtailsearch_editorspick_pkey PRIMARY KEY (id);


--
-- Name: wagtailsearch_indexentry wagtailsearch_indexentry_content_type_id_object_i_bcd7ba73_uniq; Type: CONSTRAINT; Schema: public; Owner: postgres
--

ALTER TABLE ONLY public.wagtailsearch_indexentry
    ADD CONSTRAINT wagtailsearch_indexentry_content_type_id_object_i_bcd7ba73_uniq UNIQUE (content_type_id, object_id);


--
-- Name: wagtailsearch_indexentry wagtailsearch_indexentry_pkey; Type: CONSTRAINT; Schema: public; Owner: postgres
--

ALTER TABLE ONLY public.wagtailsearch_indexentry
    ADD CONSTRAINT wagtailsearch_indexentry_pkey PRIMARY KEY (id);


--
-- Name: wagtailsearch_query wagtailsearch_query_pkey; Type: CONSTRAINT; Schema: public; Owner: postgres
--

ALTER TABLE ONLY public.wagtailsearch_query
    ADD CONSTRAINT wagtailsearch_query_pkey PRIMARY KEY (id);


--
-- Name: wagtailsearch_query wagtailsearch_query_query_string_key; Type: CONSTRAINT; Schema: public; Owner: postgres
--

ALTER TABLE ONLY public.wagtailsearch_query
    ADD CONSTRAINT wagtailsearch_query_query_string_key UNIQUE (query_string);


--
-- Name: wagtailsearch_querydailyhits wagtailsearch_querydailyhits_pkey; Type: CONSTRAINT; Schema: public; Owner: postgres
--

ALTER TABLE ONLY public.wagtailsearch_querydailyhits
    ADD CONSTRAINT wagtailsearch_querydailyhits_pkey PRIMARY KEY (id);


--
-- Name: wagtailsearch_querydailyhits wagtailsearch_querydailyhits_query_id_date_1dd232e6_uniq; Type: CONSTRAINT; Schema: public; Owner: postgres
--

ALTER TABLE ONLY public.wagtailsearch_querydailyhits
    ADD CONSTRAINT wagtailsearch_querydailyhits_query_id_date_1dd232e6_uniq UNIQUE (query_id, date);


--
-- Name: wagtailusers_userprofile wagtailusers_userprofile_pkey; Type: CONSTRAINT; Schema: public; Owner: postgres
--

ALTER TABLE ONLY public.wagtailusers_userprofile
    ADD CONSTRAINT wagtailusers_userprofile_pkey PRIMARY KEY (id);


--
-- Name: wagtailusers_userprofile wagtailusers_userprofile_user_id_key; Type: CONSTRAINT; Schema: public; Owner: postgres
--

ALTER TABLE ONLY public.wagtailusers_userprofile
    ADD CONSTRAINT wagtailusers_userprofile_user_id_key UNIQUE (user_id);


--
-- Name: auth_group_name_a6ea08ec_like; Type: INDEX; Schema: public; Owner: postgres
--

CREATE INDEX auth_group_name_a6ea08ec_like ON public.auth_group USING btree (name varchar_pattern_ops);


--
-- Name: auth_group_permissions_group_id_b120cbf9; Type: INDEX; Schema: public; Owner: postgres
--

CREATE INDEX auth_group_permissions_group_id_b120cbf9 ON public.auth_group_permissions USING btree (group_id);


--
-- Name: auth_group_permissions_permission_id_84c5c92e; Type: INDEX; Schema: public; Owner: postgres
--

CREATE INDEX auth_group_permissions_permission_id_84c5c92e ON public.auth_group_permissions USING btree (permission_id);


--
-- Name: auth_permission_content_type_id_2f476e4b; Type: INDEX; Schema: public; Owner: postgres
--

CREATE INDEX auth_permission_content_type_id_2f476e4b ON public.auth_permission USING btree (content_type_id);


--
-- Name: custom_dashboard_batchuplo_batchuploadresult_id_34f09ada; Type: INDEX; Schema: public; Owner: postgres
--

CREATE INDEX custom_dashboard_batchuplo_batchuploadresult_id_34f09ada ON public.custom_dashboard_batchuploadresult_students USING btree (batchuploadresult_id);


--
-- Name: custom_dashboard_batchuplo_customuser_id_419a8436; Type: INDEX; Schema: public; Owner: postgres
--

CREATE INDEX custom_dashboard_batchuplo_customuser_id_419a8436 ON public.custom_dashboard_batchuploadresult_students USING btree (customuser_id);


--
-- Name: custom_dashboard_batchuploadresult_batch_file_id_abb8dbb0; Type: INDEX; Schema: public; Owner: postgres
--

CREATE INDEX custom_dashboard_batchuploadresult_batch_file_id_abb8dbb0 ON public.custom_dashboard_batchuploadresult USING btree (batch_file_id);


--
-- Name: custom_dashboard_studentrecords_assigned_controller_id_27ff96e2; Type: INDEX; Schema: public; Owner: postgres
--

CREATE INDEX custom_dashboard_studentrecords_assigned_controller_id_27ff96e2 ON public.custom_dashboard_studentrecords USING btree (assigned_controller_id);


--
-- Name: custom_dashboard_studentrecords_assigned_pr_id_775a3313; Type: INDEX; Schema: public; Owner: postgres
--

CREATE INDEX custom_dashboard_studentrecords_assigned_pr_id_775a3313 ON public.custom_dashboard_studentrecords USING btree (assigned_pr_id);


--
-- Name: custom_dashboard_studentrecords_batch_year_id_c31ae535; Type: INDEX; Schema: public; Owner: postgres
--

CREATE INDEX custom_dashboard_studentrecords_batch_year_id_c31ae535 ON public.custom_dashboard_studentrecords USING btree (batch_year_id);


--
-- Name: custom_dashboard_studentrecords_institute_id_9d26fc20; Type: INDEX; Schema: public; Owner: postgres
--

CREATE INDEX custom_dashboard_studentrecords_institute_id_9d26fc20 ON public.custom_dashboard_studentrecords USING btree (institute_id);


--
-- Name: custom_dashboard_studentrecords_link_document_id_15dd6410; Type: INDEX; Schema: public; Owner: postgres
--

CREATE INDEX custom_dashboard_studentrecords_link_document_id_15dd6410 ON public.custom_dashboard_studentrecords USING btree (link_document_id);


--
-- Name: custom_dashboard_studentrecords_updated_by_id_692dc027; Type: INDEX; Schema: public; Owner: postgres
--

CREATE INDEX custom_dashboard_studentrecords_updated_by_id_692dc027 ON public.custom_dashboard_studentrecords USING btree (updated_by_id);


--
-- Name: departments_batch_assigned_faculty_member_id_ce74cdc0; Type: INDEX; Schema: public; Owner: postgres
--

CREATE INDEX departments_batch_assigned_faculty_member_id_ce74cdc0 ON public.departments_batch USING btree (assigned_faculty_member_id);


--
-- Name: departments_batch_custom_id_9523471b_like; Type: INDEX; Schema: public; Owner: postgres
--

CREATE INDEX departments_batch_custom_id_9523471b_like ON public.departments_batch USING btree (custom_id varchar_pattern_ops);


--
-- Name: departments_batch_degree_id_ea630697; Type: INDEX; Schema: public; Owner: postgres
--

CREATE INDEX departments_batch_degree_id_ea630697 ON public.departments_batch USING btree (degree_id);


--
-- Name: departments_batch_department_id_a3ba1799; Type: INDEX; Schema: public; Owner: postgres
--

CREATE INDEX departments_batch_department_id_a3ba1799 ON public.departments_batch USING btree (department_id);


--
-- Name: departments_batchyear_assigned_faculty_member_id_daa52e5d; Type: INDEX; Schema: public; Owner: postgres
--

CREATE INDEX departments_batchyear_assigned_faculty_member_id_daa52e5d ON public.departments_batchyear USING btree (assigned_faculty_member_id);


--
-- Name: departments_batchyear_batch_id_f8681a4a; Type: INDEX; Schema: public; Owner: postgres
--

CREATE INDEX departments_batchyear_batch_id_f8681a4a ON public.departments_batchyear USING btree (batch_id);


--
-- Name: departments_batchyear_students_batchyear_id_ae929da7; Type: INDEX; Schema: public; Owner: postgres
--

CREATE INDEX departments_batchyear_students_batchyear_id_ae929da7 ON public.departments_batchyear_students USING btree (batchyear_id);


--
-- Name: departments_batchyear_students_customuser_id_7a08dda4; Type: INDEX; Schema: public; Owner: postgres
--

CREATE INDEX departments_batchyear_students_customuser_id_7a08dda4 ON public.departments_batchyear_students USING btree (customuser_id);


--
-- Name: departments_department_custom_id_29e651ab_like; Type: INDEX; Schema: public; Owner: postgres
--

CREATE INDEX departments_department_custom_id_29e651ab_like ON public.departments_department USING btree (custom_id varchar_pattern_ops);


--
-- Name: departments_department_institute_id_a81c46bd; Type: INDEX; Schema: public; Owner: postgres
--

CREATE INDEX departments_department_institute_id_a81c46bd ON public.departments_department USING btree (institute_id);


--
-- Name: django_admin_log_content_type_id_c4bce8eb; Type: INDEX; Schema: public; Owner: postgres
--

CREATE INDEX django_admin_log_content_type_id_c4bce8eb ON public.django_admin_log USING btree (content_type_id);


--
-- Name: django_admin_log_user_id_c564eba6; Type: INDEX; Schema: public; Owner: postgres
--

CREATE INDEX django_admin_log_user_id_c564eba6 ON public.django_admin_log USING btree (user_id);


--
-- Name: django_session_expire_date_a5c62663; Type: INDEX; Schema: public; Owner: postgres
--

CREATE INDEX django_session_expire_date_a5c62663 ON public.django_session USING btree (expire_date);


--
-- Name: django_session_session_key_c0390e0f_like; Type: INDEX; Schema: public; Owner: postgres
--

CREATE INDEX django_session_session_key_c0390e0f_like ON public.django_session USING btree (session_key varchar_pattern_ops);


--
-- Name: institutes_customdocument_batch_id_af18d6b5; Type: INDEX; Schema: public; Owner: postgres
--

CREATE INDEX institutes_customdocument_batch_id_af18d6b5 ON public.institutes_customdocument USING btree (batch_id);


--
-- Name: institutes_customdocument_collection_id_2827217f; Type: INDEX; Schema: public; Owner: postgres
--

CREATE INDEX institutes_customdocument_collection_id_2827217f ON public.institutes_customdocument USING btree (collection_id);


--
-- Name: institutes_customdocument_department_id_9d7623d7; Type: INDEX; Schema: public; Owner: postgres
--

CREATE INDEX institutes_customdocument_department_id_9d7623d7 ON public.institutes_customdocument USING btree (department_id);


--
-- Name: institutes_customdocument_institute_id_aad14180; Type: INDEX; Schema: public; Owner: postgres
--

CREATE INDEX institutes_customdocument_institute_id_aad14180 ON public.institutes_customdocument USING btree (institute_id);


--
-- Name: institutes_customdocument_uploaded_by_user_id_f8c9885c; Type: INDEX; Schema: public; Owner: postgres
--

CREATE INDEX institutes_customdocument_uploaded_by_user_id_f8c9885c ON public.institutes_customdocument USING btree (uploaded_by_user_id);


--
-- Name: institutes_degree_custom_id_6e1602df_like; Type: INDEX; Schema: public; Owner: postgres
--

CREATE INDEX institutes_degree_custom_id_6e1602df_like ON public.institutes_degree USING btree (custom_id varchar_pattern_ops);


--
-- Name: institutes_degree_institute_id_d1cc621a; Type: INDEX; Schema: public; Owner: postgres
--

CREATE INDEX institutes_degree_institute_id_d1cc621a ON public.institutes_degree USING btree (institute_id);


--
-- Name: institutes_institute_custom_id_0c236002_like; Type: INDEX; Schema: public; Owner: postgres
--

CREATE INDEX institutes_institute_custom_id_0c236002_like ON public.institutes_institute USING btree (custom_id varchar_pattern_ops);


--
-- Name: institutes_institute_name_8ee93564_like; Type: INDEX; Schema: public; Owner: postgres
--

CREATE INDEX institutes_institute_name_8ee93564_like ON public.institutes_institute USING btree (name varchar_pattern_ops);


--
-- Name: institutes_institutecollec_collection_id_dba18e59; Type: INDEX; Schema: public; Owner: postgres
--

CREATE INDEX institutes_institutecollec_collection_id_dba18e59 ON public.institutes_institutecollections_collection USING btree (collection_id);


--
-- Name: institutes_institutecollec_institutecollections_id_f66df0ec; Type: INDEX; Schema: public; Owner: postgres
--

CREATE INDEX institutes_institutecollec_institutecollections_id_f66df0ec ON public.institutes_institutecollections_collection USING btree (institutecollections_id);


--
-- Name: students_studenthomepage_feedback_background_id_8e03a728; Type: INDEX; Schema: public; Owner: postgres
--

CREATE INDEX students_studenthomepage_feedback_background_id_8e03a728 ON public.students_studenthomepage USING btree (logo_id);


--
-- Name: students_studentrecord_record_id_06ca839e; Type: INDEX; Schema: public; Owner: postgres
--

CREATE INDEX students_studentrecord_record_id_06ca839e ON public.students_studentrecord USING btree (record_id);


--
-- Name: students_studentrecord_result_id_093cf429; Type: INDEX; Schema: public; Owner: postgres
--

CREATE INDEX students_studentrecord_result_id_093cf429 ON public.students_studentrecord USING btree (result_id);


--
-- Name: students_studentrecord_student_id_235cc8d1; Type: INDEX; Schema: public; Owner: postgres
--

CREATE INDEX students_studentrecord_student_id_235cc8d1 ON public.students_studentrecord USING btree (student_id);


--
-- Name: taggit_tag_name_58eb2ed9_like; Type: INDEX; Schema: public; Owner: postgres
--

CREATE INDEX taggit_tag_name_58eb2ed9_like ON public.taggit_tag USING btree (name varchar_pattern_ops);


--
-- Name: taggit_tag_slug_6be58b2c_like; Type: INDEX; Schema: public; Owner: postgres
--

CREATE INDEX taggit_tag_slug_6be58b2c_like ON public.taggit_tag USING btree (slug varchar_pattern_ops);


--
-- Name: taggit_taggeditem_content_type_id_9957a03c; Type: INDEX; Schema: public; Owner: postgres
--

CREATE INDEX taggit_taggeditem_content_type_id_9957a03c ON public.taggit_taggeditem USING btree (content_type_id);


--
-- Name: taggit_taggeditem_content_type_id_object_id_196cc965_idx; Type: INDEX; Schema: public; Owner: postgres
--

CREATE INDEX taggit_taggeditem_content_type_id_object_id_196cc965_idx ON public.taggit_taggeditem USING btree (content_type_id, object_id);


--
-- Name: taggit_taggeditem_object_id_e2d7d1df; Type: INDEX; Schema: public; Owner: postgres
--

CREATE INDEX taggit_taggeditem_object_id_e2d7d1df ON public.taggit_taggeditem USING btree (object_id);


--
-- Name: taggit_taggeditem_tag_id_f4f5b767; Type: INDEX; Schema: public; Owner: postgres
--

CREATE INDEX taggit_taggeditem_tag_id_f4f5b767 ON public.taggit_taggeditem USING btree (tag_id);


--
-- Name: unique_in_progress_workflow; Type: INDEX; Schema: public; Owner: postgres
--

CREATE UNIQUE INDEX unique_in_progress_workflow ON public.wagtailcore_workflowstate USING btree (page_id) WHERE ((status)::text = ANY ((ARRAY['in_progress'::character varying, 'needs_changes'::character varying])::text[]));


--
-- Name: users_customgroup_role_id_80f0990a; Type: INDEX; Schema: public; Owner: postgres
--

CREATE INDEX users_customgroup_role_id_80f0990a ON public.users_customgroup USING btree (role_id);


--
-- Name: users_customgroup_roles_customgroup_id_be72d144; Type: INDEX; Schema: public; Owner: postgres
--

CREATE INDEX users_customgroup_roles_customgroup_id_be72d144 ON public.users_customgroup_roles USING btree (customgroup_id);


--
-- Name: users_customgroup_roles_group_id_97d5279a; Type: INDEX; Schema: public; Owner: postgres
--

CREATE INDEX users_customgroup_roles_group_id_97d5279a ON public.users_customgroup_roles USING btree (group_id);


--
-- Name: users_customuser_batch_id_5ccb090f; Type: INDEX; Schema: public; Owner: postgres
--

CREATE INDEX users_customuser_batch_id_5ccb090f ON public.users_customuser USING btree (batch_id);


--
-- Name: users_customuser_degree_id_5c565a4b; Type: INDEX; Schema: public; Owner: postgres
--

CREATE INDEX users_customuser_degree_id_5c565a4b ON public.users_customuser USING btree (degree_id);


--
-- Name: users_customuser_department_id_6025b80c; Type: INDEX; Schema: public; Owner: postgres
--

CREATE INDEX users_customuser_department_id_6025b80c ON public.users_customuser USING btree (department_id);


--
-- Name: users_customuser_groups_customuser_id_958147bf; Type: INDEX; Schema: public; Owner: postgres
--

CREATE INDEX users_customuser_groups_customuser_id_958147bf ON public.users_customuser_groups USING btree (customuser_id);


--
-- Name: users_customuser_groups_group_id_01390b14; Type: INDEX; Schema: public; Owner: postgres
--

CREATE INDEX users_customuser_groups_group_id_01390b14 ON public.users_customuser_groups USING btree (group_id);


--
-- Name: users_customuser_institute_id_5e17e3b6; Type: INDEX; Schema: public; Owner: postgres
--

CREATE INDEX users_customuser_institute_id_5e17e3b6 ON public.users_customuser USING btree (institute_id);


--
-- Name: users_customuser_role_id_75f28582; Type: INDEX; Schema: public; Owner: postgres
--

CREATE INDEX users_customuser_role_id_75f28582 ON public.users_customuser USING btree (role_id);


--
-- Name: users_customuser_user_permissions_customuser_id_5771478b; Type: INDEX; Schema: public; Owner: postgres
--

CREATE INDEX users_customuser_user_permissions_customuser_id_5771478b ON public.users_customuser_user_permissions USING btree (customuser_id);


--
-- Name: users_customuser_user_permissions_permission_id_baaa2f74; Type: INDEX; Schema: public; Owner: postgres
--

CREATE INDEX users_customuser_user_permissions_permission_id_baaa2f74 ON public.users_customuser_user_permissions USING btree (permission_id);


--
-- Name: users_customuser_username_80452fdf_like; Type: INDEX; Schema: public; Owner: postgres
--

CREATE INDEX users_customuser_username_80452fdf_like ON public.users_customuser USING btree (username varchar_pattern_ops);


--
-- Name: wagtailcore_collection_path_d848dc19_like; Type: INDEX; Schema: public; Owner: postgres
--

CREATE INDEX wagtailcore_collection_path_d848dc19_like ON public.wagtailcore_collection USING btree (path varchar_pattern_ops);


--
-- Name: wagtailcore_collectionview_collectionviewrestriction__47320efd; Type: INDEX; Schema: public; Owner: postgres
--

CREATE INDEX wagtailcore_collectionview_collectionviewrestriction__47320efd ON public.wagtailcore_collectionviewrestriction_groups USING btree (collectionviewrestriction_id);


--
-- Name: wagtailcore_collectionviewrestriction_collection_id_761908ec; Type: INDEX; Schema: public; Owner: postgres
--

CREATE INDEX wagtailcore_collectionviewrestriction_collection_id_761908ec ON public.wagtailcore_collectionviewrestriction USING btree (collection_id);


--
-- Name: wagtailcore_collectionviewrestriction_groups_group_id_1823f2a3; Type: INDEX; Schema: public; Owner: postgres
--

CREATE INDEX wagtailcore_collectionviewrestriction_groups_group_id_1823f2a3 ON public.wagtailcore_collectionviewrestriction_groups USING btree (group_id);


--
-- Name: wagtailcore_comment_page_id_108444b5; Type: INDEX; Schema: public; Owner: postgres
--

CREATE INDEX wagtailcore_comment_page_id_108444b5 ON public.wagtailcore_comment USING btree (page_id);


--
-- Name: wagtailcore_comment_resolved_by_id_a282aa0e; Type: INDEX; Schema: public; Owner: postgres
--

CREATE INDEX wagtailcore_comment_resolved_by_id_a282aa0e ON public.wagtailcore_comment USING btree (resolved_by_id);


--
-- Name: wagtailcore_comment_revision_created_id_1d058279; Type: INDEX; Schema: public; Owner: postgres
--

CREATE INDEX wagtailcore_comment_revision_created_id_1d058279 ON public.wagtailcore_comment USING btree (revision_created_id);


--
-- Name: wagtailcore_comment_user_id_0c577ca6; Type: INDEX; Schema: public; Owner: postgres
--

CREATE INDEX wagtailcore_comment_user_id_0c577ca6 ON public.wagtailcore_comment USING btree (user_id);


--
-- Name: wagtailcore_commentreply_comment_id_afc7e027; Type: INDEX; Schema: public; Owner: postgres
--

CREATE INDEX wagtailcore_commentreply_comment_id_afc7e027 ON public.wagtailcore_commentreply USING btree (comment_id);


--
-- Name: wagtailcore_commentreply_user_id_d0b3b9c3; Type: INDEX; Schema: public; Owner: postgres
--

CREATE INDEX wagtailcore_commentreply_user_id_d0b3b9c3 ON public.wagtailcore_commentreply USING btree (user_id);


--
-- Name: wagtailcore_groupapprovalt_groupapprovaltask_id_9a9255ea; Type: INDEX; Schema: public; Owner: postgres
--

CREATE INDEX wagtailcore_groupapprovalt_groupapprovaltask_id_9a9255ea ON public.wagtailcore_groupapprovaltask_groups USING btree (groupapprovaltask_id);


--
-- Name: wagtailcore_groupapprovaltask_groups_group_id_2e64b61f; Type: INDEX; Schema: public; Owner: postgres
--

CREATE INDEX wagtailcore_groupapprovaltask_groups_group_id_2e64b61f ON public.wagtailcore_groupapprovaltask_groups USING btree (group_id);


--
-- Name: wagtailcore_groupcollectionpermission_collection_id_5423575a; Type: INDEX; Schema: public; Owner: postgres
--

CREATE INDEX wagtailcore_groupcollectionpermission_collection_id_5423575a ON public.wagtailcore_groupcollectionpermission USING btree (collection_id);


--
-- Name: wagtailcore_groupcollectionpermission_group_id_05d61460; Type: INDEX; Schema: public; Owner: postgres
--

CREATE INDEX wagtailcore_groupcollectionpermission_group_id_05d61460 ON public.wagtailcore_groupcollectionpermission USING btree (group_id);


--
-- Name: wagtailcore_groupcollectionpermission_permission_id_1b626275; Type: INDEX; Schema: public; Owner: postgres
--

CREATE INDEX wagtailcore_groupcollectionpermission_permission_id_1b626275 ON public.wagtailcore_groupcollectionpermission USING btree (permission_id);


--
-- Name: wagtailcore_grouppagepermission_group_id_fc07e671; Type: INDEX; Schema: public; Owner: postgres
--

CREATE INDEX wagtailcore_grouppagepermission_group_id_fc07e671 ON public.wagtailcore_grouppagepermission USING btree (group_id);


--
-- Name: wagtailcore_grouppagepermission_page_id_710b114a; Type: INDEX; Schema: public; Owner: postgres
--

CREATE INDEX wagtailcore_grouppagepermission_page_id_710b114a ON public.wagtailcore_grouppagepermission USING btree (page_id);


--
-- Name: wagtailcore_locale_language_code_03149338_like; Type: INDEX; Schema: public; Owner: postgres
--

CREATE INDEX wagtailcore_locale_language_code_03149338_like ON public.wagtailcore_locale USING btree (language_code varchar_pattern_ops);


--
-- Name: wagtailcore_modellogentry_action_d2d856ee; Type: INDEX; Schema: public; Owner: postgres
--

CREATE INDEX wagtailcore_modellogentry_action_d2d856ee ON public.wagtailcore_modellogentry USING btree (action);


--
-- Name: wagtailcore_modellogentry_action_d2d856ee_like; Type: INDEX; Schema: public; Owner: postgres
--

CREATE INDEX wagtailcore_modellogentry_action_d2d856ee_like ON public.wagtailcore_modellogentry USING btree (action varchar_pattern_ops);


--
-- Name: wagtailcore_modellogentry_content_changed_8bc39742; Type: INDEX; Schema: public; Owner: postgres
--

CREATE INDEX wagtailcore_modellogentry_content_changed_8bc39742 ON public.wagtailcore_modellogentry USING btree (content_changed);


--
-- Name: wagtailcore_modellogentry_content_type_id_68849e77; Type: INDEX; Schema: public; Owner: postgres
--

CREATE INDEX wagtailcore_modellogentry_content_type_id_68849e77 ON public.wagtailcore_modellogentry USING btree (content_type_id);


--
-- Name: wagtailcore_modellogentry_object_id_e0e7d4ef; Type: INDEX; Schema: public; Owner: postgres
--

CREATE INDEX wagtailcore_modellogentry_object_id_e0e7d4ef ON public.wagtailcore_modellogentry USING btree (object_id);


--
-- Name: wagtailcore_modellogentry_object_id_e0e7d4ef_like; Type: INDEX; Schema: public; Owner: postgres
--

CREATE INDEX wagtailcore_modellogentry_object_id_e0e7d4ef_like ON public.wagtailcore_modellogentry USING btree (object_id varchar_pattern_ops);


--
-- Name: wagtailcore_modellogentry_timestamp_9694521b; Type: INDEX; Schema: public; Owner: postgres
--

CREATE INDEX wagtailcore_modellogentry_timestamp_9694521b ON public.wagtailcore_modellogentry USING btree ("timestamp");


--
-- Name: wagtailcore_modellogentry_user_id_0278d1bf; Type: INDEX; Schema: public; Owner: postgres
--

CREATE INDEX wagtailcore_modellogentry_user_id_0278d1bf ON public.wagtailcore_modellogentry USING btree (user_id);


--
-- Name: wagtailcore_page_alias_of_id_12945502; Type: INDEX; Schema: public; Owner: postgres
--

CREATE INDEX wagtailcore_page_alias_of_id_12945502 ON public.wagtailcore_page USING btree (alias_of_id);


--
-- Name: wagtailcore_page_content_type_id_c28424df; Type: INDEX; Schema: public; Owner: postgres
--

CREATE INDEX wagtailcore_page_content_type_id_c28424df ON public.wagtailcore_page USING btree (content_type_id);


--
-- Name: wagtailcore_page_first_published_at_2b5dd637; Type: INDEX; Schema: public; Owner: postgres
--

CREATE INDEX wagtailcore_page_first_published_at_2b5dd637 ON public.wagtailcore_page USING btree (first_published_at);


--
-- Name: wagtailcore_page_live_revision_id_930bd822; Type: INDEX; Schema: public; Owner: postgres
--

CREATE INDEX wagtailcore_page_live_revision_id_930bd822 ON public.wagtailcore_page USING btree (live_revision_id);


--
-- Name: wagtailcore_page_locale_id_3c7e30a6; Type: INDEX; Schema: public; Owner: postgres
--

CREATE INDEX wagtailcore_page_locale_id_3c7e30a6 ON public.wagtailcore_page USING btree (locale_id);


--
-- Name: wagtailcore_page_locked_by_id_bcb86245; Type: INDEX; Schema: public; Owner: postgres
--

CREATE INDEX wagtailcore_page_locked_by_id_bcb86245 ON public.wagtailcore_page USING btree (locked_by_id);


--
-- Name: wagtailcore_page_owner_id_fbf7c332; Type: INDEX; Schema: public; Owner: postgres
--

CREATE INDEX wagtailcore_page_owner_id_fbf7c332 ON public.wagtailcore_page USING btree (owner_id);


--
-- Name: wagtailcore_page_path_98eba2c8_like; Type: INDEX; Schema: public; Owner: postgres
--

CREATE INDEX wagtailcore_page_path_98eba2c8_like ON public.wagtailcore_page USING btree (path varchar_pattern_ops);


--
-- Name: wagtailcore_page_slug_e7c11b8f; Type: INDEX; Schema: public; Owner: postgres
--

CREATE INDEX wagtailcore_page_slug_e7c11b8f ON public.wagtailcore_page USING btree (slug);


--
-- Name: wagtailcore_page_slug_e7c11b8f_like; Type: INDEX; Schema: public; Owner: postgres
--

CREATE INDEX wagtailcore_page_slug_e7c11b8f_like ON public.wagtailcore_page USING btree (slug varchar_pattern_ops);


--
-- Name: wagtailcore_pagelogentry_action_c2408198; Type: INDEX; Schema: public; Owner: postgres
--

CREATE INDEX wagtailcore_pagelogentry_action_c2408198 ON public.wagtailcore_pagelogentry USING btree (action);


--
-- Name: wagtailcore_pagelogentry_action_c2408198_like; Type: INDEX; Schema: public; Owner: postgres
--

CREATE INDEX wagtailcore_pagelogentry_action_c2408198_like ON public.wagtailcore_pagelogentry USING btree (action varchar_pattern_ops);


--
-- Name: wagtailcore_pagelogentry_content_changed_99f27ade; Type: INDEX; Schema: public; Owner: postgres
--

CREATE INDEX wagtailcore_pagelogentry_content_changed_99f27ade ON public.wagtailcore_pagelogentry USING btree (content_changed);


--
-- Name: wagtailcore_pagelogentry_content_type_id_74e7708a; Type: INDEX; Schema: public; Owner: postgres
--

CREATE INDEX wagtailcore_pagelogentry_content_type_id_74e7708a ON public.wagtailcore_pagelogentry USING btree (content_type_id);


--
-- Name: wagtailcore_pagelogentry_page_id_8464e327; Type: INDEX; Schema: public; Owner: postgres
--

CREATE INDEX wagtailcore_pagelogentry_page_id_8464e327 ON public.wagtailcore_pagelogentry USING btree (page_id);


--
-- Name: wagtailcore_pagelogentry_revision_id_8043d103; Type: INDEX; Schema: public; Owner: postgres
--

CREATE INDEX wagtailcore_pagelogentry_revision_id_8043d103 ON public.wagtailcore_pagelogentry USING btree (revision_id);


--
-- Name: wagtailcore_pagelogentry_timestamp_deb774c4; Type: INDEX; Schema: public; Owner: postgres
--

CREATE INDEX wagtailcore_pagelogentry_timestamp_deb774c4 ON public.wagtailcore_pagelogentry USING btree ("timestamp");


--
-- Name: wagtailcore_pagelogentry_user_id_604ccfd8; Type: INDEX; Schema: public; Owner: postgres
--

CREATE INDEX wagtailcore_pagelogentry_user_id_604ccfd8 ON public.wagtailcore_pagelogentry USING btree (user_id);


--
-- Name: wagtailcore_pagerevision_approved_go_live_at_e56afc67; Type: INDEX; Schema: public; Owner: postgres
--

CREATE INDEX wagtailcore_pagerevision_approved_go_live_at_e56afc67 ON public.wagtailcore_pagerevision USING btree (approved_go_live_at);


--
-- Name: wagtailcore_pagerevision_created_at_66954e3b; Type: INDEX; Schema: public; Owner: postgres
--

CREATE INDEX wagtailcore_pagerevision_created_at_66954e3b ON public.wagtailcore_pagerevision USING btree (created_at);


--
-- Name: wagtailcore_pagerevision_page_id_d421cc1d; Type: INDEX; Schema: public; Owner: postgres
--

CREATE INDEX wagtailcore_pagerevision_page_id_d421cc1d ON public.wagtailcore_pagerevision USING btree (page_id);


--
-- Name: wagtailcore_pagerevision_submitted_for_moderation_c682e44c; Type: INDEX; Schema: public; Owner: postgres
--

CREATE INDEX wagtailcore_pagerevision_submitted_for_moderation_c682e44c ON public.wagtailcore_pagerevision USING btree (submitted_for_moderation);


--
-- Name: wagtailcore_pagerevision_user_id_2409d2f4; Type: INDEX; Schema: public; Owner: postgres
--

CREATE INDEX wagtailcore_pagerevision_user_id_2409d2f4 ON public.wagtailcore_pagerevision USING btree (user_id);


--
-- Name: wagtailcore_pagesubscription_page_id_a085e7a6; Type: INDEX; Schema: public; Owner: postgres
--

CREATE INDEX wagtailcore_pagesubscription_page_id_a085e7a6 ON public.wagtailcore_pagesubscription USING btree (page_id);


--
-- Name: wagtailcore_pagesubscription_user_id_89d7def9; Type: INDEX; Schema: public; Owner: postgres
--

CREATE INDEX wagtailcore_pagesubscription_user_id_89d7def9 ON public.wagtailcore_pagesubscription USING btree (user_id);


--
-- Name: wagtailcore_pageviewrestri_pageviewrestriction_id_f147a99a; Type: INDEX; Schema: public; Owner: postgres
--

CREATE INDEX wagtailcore_pageviewrestri_pageviewrestriction_id_f147a99a ON public.wagtailcore_pageviewrestriction_groups USING btree (pageviewrestriction_id);


--
-- Name: wagtailcore_pageviewrestriction_groups_group_id_6460f223; Type: INDEX; Schema: public; Owner: postgres
--

CREATE INDEX wagtailcore_pageviewrestriction_groups_group_id_6460f223 ON public.wagtailcore_pageviewrestriction_groups USING btree (group_id);


--
-- Name: wagtailcore_pageviewrestriction_page_id_15a8bea6; Type: INDEX; Schema: public; Owner: postgres
--

CREATE INDEX wagtailcore_pageviewrestriction_page_id_15a8bea6 ON public.wagtailcore_pageviewrestriction USING btree (page_id);


--
-- Name: wagtailcore_site_hostname_96b20b46; Type: INDEX; Schema: public; Owner: postgres
--

CREATE INDEX wagtailcore_site_hostname_96b20b46 ON public.wagtailcore_site USING btree (hostname);


--
-- Name: wagtailcore_site_hostname_96b20b46_like; Type: INDEX; Schema: public; Owner: postgres
--

CREATE INDEX wagtailcore_site_hostname_96b20b46_like ON public.wagtailcore_site USING btree (hostname varchar_pattern_ops);


--
-- Name: wagtailcore_site_root_page_id_e02fb95c; Type: INDEX; Schema: public; Owner: postgres
--

CREATE INDEX wagtailcore_site_root_page_id_e02fb95c ON public.wagtailcore_site USING btree (root_page_id);


--
-- Name: wagtailcore_task_content_type_id_249ab8ba; Type: INDEX; Schema: public; Owner: postgres
--

CREATE INDEX wagtailcore_task_content_type_id_249ab8ba ON public.wagtailcore_task USING btree (content_type_id);


--
-- Name: wagtailcore_taskstate_content_type_id_0a758fdc; Type: INDEX; Schema: public; Owner: postgres
--

CREATE INDEX wagtailcore_taskstate_content_type_id_0a758fdc ON public.wagtailcore_taskstate USING btree (content_type_id);


--
-- Name: wagtailcore_taskstate_finished_by_id_13f98229; Type: INDEX; Schema: public; Owner: postgres
--

CREATE INDEX wagtailcore_taskstate_finished_by_id_13f98229 ON public.wagtailcore_taskstate USING btree (finished_by_id);


--
-- Name: wagtailcore_taskstate_page_revision_id_9f52c88e; Type: INDEX; Schema: public; Owner: postgres
--

CREATE INDEX wagtailcore_taskstate_page_revision_id_9f52c88e ON public.wagtailcore_taskstate USING btree (page_revision_id);


--
-- Name: wagtailcore_taskstate_task_id_c3677c34; Type: INDEX; Schema: public; Owner: postgres
--

CREATE INDEX wagtailcore_taskstate_task_id_c3677c34 ON public.wagtailcore_taskstate USING btree (task_id);


--
-- Name: wagtailcore_taskstate_workflow_state_id_9239a775; Type: INDEX; Schema: public; Owner: postgres
--

CREATE INDEX wagtailcore_taskstate_workflow_state_id_9239a775 ON public.wagtailcore_taskstate USING btree (workflow_state_id);


--
-- Name: wagtailcore_workflowpage_workflow_id_56f56ff6; Type: INDEX; Schema: public; Owner: postgres
--

CREATE INDEX wagtailcore_workflowpage_workflow_id_56f56ff6 ON public.wagtailcore_workflowpage USING btree (workflow_id);


--
-- Name: wagtailcore_workflowstate_page_id_6c962862; Type: INDEX; Schema: public; Owner: postgres
--

CREATE INDEX wagtailcore_workflowstate_page_id_6c962862 ON public.wagtailcore_workflowstate USING btree (page_id);


--
-- Name: wagtailcore_workflowstate_requested_by_id_4090bca3; Type: INDEX; Schema: public; Owner: postgres
--

CREATE INDEX wagtailcore_workflowstate_requested_by_id_4090bca3 ON public.wagtailcore_workflowstate USING btree (requested_by_id);


--
-- Name: wagtailcore_workflowstate_workflow_id_1f18378f; Type: INDEX; Schema: public; Owner: postgres
--

CREATE INDEX wagtailcore_workflowstate_workflow_id_1f18378f ON public.wagtailcore_workflowstate USING btree (workflow_id);


--
-- Name: wagtailcore_workflowtask_task_id_ce7716fe; Type: INDEX; Schema: public; Owner: postgres
--

CREATE INDEX wagtailcore_workflowtask_task_id_ce7716fe ON public.wagtailcore_workflowtask USING btree (task_id);


--
-- Name: wagtailcore_workflowtask_workflow_id_b9717175; Type: INDEX; Schema: public; Owner: postgres
--

CREATE INDEX wagtailcore_workflowtask_workflow_id_b9717175 ON public.wagtailcore_workflowtask USING btree (workflow_id);


--
-- Name: wagtaildocs_document_collection_id_23881625; Type: INDEX; Schema: public; Owner: postgres
--

CREATE INDEX wagtaildocs_document_collection_id_23881625 ON public.wagtaildocs_document USING btree (collection_id);


--
-- Name: wagtaildocs_document_uploaded_by_user_id_17258b41; Type: INDEX; Schema: public; Owner: postgres
--

CREATE INDEX wagtaildocs_document_uploaded_by_user_id_17258b41 ON public.wagtaildocs_document USING btree (uploaded_by_user_id);


--
-- Name: wagtaildocs_uploadeddocument_uploaded_by_user_id_8dd61a73; Type: INDEX; Schema: public; Owner: postgres
--

CREATE INDEX wagtaildocs_uploadeddocument_uploaded_by_user_id_8dd61a73 ON public.wagtaildocs_uploadeddocument USING btree (uploaded_by_user_id);


--
-- Name: wagtailembeds_embed_cache_until_26c94bb0; Type: INDEX; Schema: public; Owner: postgres
--

CREATE INDEX wagtailembeds_embed_cache_until_26c94bb0 ON public.wagtailembeds_embed USING btree (cache_until);


--
-- Name: wagtailembeds_embed_hash_c9bd8c9a_like; Type: INDEX; Schema: public; Owner: postgres
--

CREATE INDEX wagtailembeds_embed_hash_c9bd8c9a_like ON public.wagtailembeds_embed USING btree (hash varchar_pattern_ops);


--
-- Name: wagtailforms_formsubmission_page_id_e48e93e7; Type: INDEX; Schema: public; Owner: postgres
--

CREATE INDEX wagtailforms_formsubmission_page_id_e48e93e7 ON public.wagtailforms_formsubmission USING btree (page_id);


--
-- Name: wagtailimages_image_collection_id_c2f8af7e; Type: INDEX; Schema: public; Owner: postgres
--

CREATE INDEX wagtailimages_image_collection_id_c2f8af7e ON public.wagtailimages_image USING btree (collection_id);


--
-- Name: wagtailimages_image_created_at_86fa6cd4; Type: INDEX; Schema: public; Owner: postgres
--

CREATE INDEX wagtailimages_image_created_at_86fa6cd4 ON public.wagtailimages_image USING btree (created_at);


--
-- Name: wagtailimages_image_file_hash_fb5bbb23; Type: INDEX; Schema: public; Owner: postgres
--

CREATE INDEX wagtailimages_image_file_hash_fb5bbb23 ON public.wagtailimages_image USING btree (file_hash);


--
-- Name: wagtailimages_image_file_hash_fb5bbb23_like; Type: INDEX; Schema: public; Owner: postgres
--

CREATE INDEX wagtailimages_image_file_hash_fb5bbb23_like ON public.wagtailimages_image USING btree (file_hash varchar_pattern_ops);


--
-- Name: wagtailimages_image_uploaded_by_user_id_5d73dc75; Type: INDEX; Schema: public; Owner: postgres
--

CREATE INDEX wagtailimages_image_uploaded_by_user_id_5d73dc75 ON public.wagtailimages_image USING btree (uploaded_by_user_id);


--
-- Name: wagtailimages_rendition_filter_spec_1cba3201; Type: INDEX; Schema: public; Owner: postgres
--

CREATE INDEX wagtailimages_rendition_filter_spec_1cba3201 ON public.wagtailimages_rendition USING btree (filter_spec);


--
-- Name: wagtailimages_rendition_filter_spec_1cba3201_like; Type: INDEX; Schema: public; Owner: postgres
--

CREATE INDEX wagtailimages_rendition_filter_spec_1cba3201_like ON public.wagtailimages_rendition USING btree (filter_spec varchar_pattern_ops);


--
-- Name: wagtailimages_rendition_image_id_3e1fd774; Type: INDEX; Schema: public; Owner: postgres
--

CREATE INDEX wagtailimages_rendition_image_id_3e1fd774 ON public.wagtailimages_rendition USING btree (image_id);


--
-- Name: wagtailimages_uploadedimage_uploaded_by_user_id_85921689; Type: INDEX; Schema: public; Owner: postgres
--

CREATE INDEX wagtailimages_uploadedimage_uploaded_by_user_id_85921689 ON public.wagtailimages_uploadedimage USING btree (uploaded_by_user_id);


--
-- Name: wagtailredirects_redirect_old_path_bb35247b; Type: INDEX; Schema: public; Owner: postgres
--

CREATE INDEX wagtailredirects_redirect_old_path_bb35247b ON public.wagtailredirects_redirect USING btree (old_path);


--
-- Name: wagtailredirects_redirect_old_path_bb35247b_like; Type: INDEX; Schema: public; Owner: postgres
--

CREATE INDEX wagtailredirects_redirect_old_path_bb35247b_like ON public.wagtailredirects_redirect USING btree (old_path varchar_pattern_ops);


--
-- Name: wagtailredirects_redirect_redirect_page_id_b5728a8f; Type: INDEX; Schema: public; Owner: postgres
--

CREATE INDEX wagtailredirects_redirect_redirect_page_id_b5728a8f ON public.wagtailredirects_redirect USING btree (redirect_page_id);


--
-- Name: wagtailredirects_redirect_site_id_780a0e1e; Type: INDEX; Schema: public; Owner: postgres
--

CREATE INDEX wagtailredirects_redirect_site_id_780a0e1e ON public.wagtailredirects_redirect USING btree (site_id);


--
-- Name: wagtailsear_autocom_476c89_gin; Type: INDEX; Schema: public; Owner: postgres
--

CREATE INDEX wagtailsear_autocom_476c89_gin ON public.wagtailsearch_indexentry USING gin (autocomplete);


--
-- Name: wagtailsear_body_90c85d_gin; Type: INDEX; Schema: public; Owner: postgres
--

CREATE INDEX wagtailsear_body_90c85d_gin ON public.wagtailsearch_indexentry USING gin (body);


--
-- Name: wagtailsear_title_9caae0_gin; Type: INDEX; Schema: public; Owner: postgres
--

CREATE INDEX wagtailsear_title_9caae0_gin ON public.wagtailsearch_indexentry USING gin (title);


--
-- Name: wagtailsearch_editorspick_page_id_28cbc274; Type: INDEX; Schema: public; Owner: postgres
--

CREATE INDEX wagtailsearch_editorspick_page_id_28cbc274 ON public.wagtailsearch_editorspick USING btree (page_id);


--
-- Name: wagtailsearch_editorspick_query_id_c6eee4a0; Type: INDEX; Schema: public; Owner: postgres
--

CREATE INDEX wagtailsearch_editorspick_query_id_c6eee4a0 ON public.wagtailsearch_editorspick USING btree (query_id);


--
-- Name: wagtailsearch_indexentry_content_type_id_62ed694f; Type: INDEX; Schema: public; Owner: postgres
--

CREATE INDEX wagtailsearch_indexentry_content_type_id_62ed694f ON public.wagtailsearch_indexentry USING btree (content_type_id);


--
-- Name: wagtailsearch_query_query_string_e785ea07_like; Type: INDEX; Schema: public; Owner: postgres
--

CREATE INDEX wagtailsearch_query_query_string_e785ea07_like ON public.wagtailsearch_query USING btree (query_string varchar_pattern_ops);


--
-- Name: wagtailsearch_querydailyhits_query_id_2185994b; Type: INDEX; Schema: public; Owner: postgres
--

CREATE INDEX wagtailsearch_querydailyhits_query_id_2185994b ON public.wagtailsearch_querydailyhits USING btree (query_id);


--
-- Name: auth_group_permissions auth_group_permissio_permission_id_84c5c92e_fk_auth_perm; Type: FK CONSTRAINT; Schema: public; Owner: postgres
--

ALTER TABLE ONLY public.auth_group_permissions
    ADD CONSTRAINT auth_group_permissio_permission_id_84c5c92e_fk_auth_perm FOREIGN KEY (permission_id) REFERENCES public.auth_permission(id) DEFERRABLE INITIALLY DEFERRED;


--
-- Name: auth_group_permissions auth_group_permissions_group_id_b120cbf9_fk_auth_group_id; Type: FK CONSTRAINT; Schema: public; Owner: postgres
--

ALTER TABLE ONLY public.auth_group_permissions
    ADD CONSTRAINT auth_group_permissions_group_id_b120cbf9_fk_auth_group_id FOREIGN KEY (group_id) REFERENCES public.auth_group(id) DEFERRABLE INITIALLY DEFERRED;


--
-- Name: auth_permission auth_permission_content_type_id_2f476e4b_fk_django_co; Type: FK CONSTRAINT; Schema: public; Owner: postgres
--

ALTER TABLE ONLY public.auth_permission
    ADD CONSTRAINT auth_permission_content_type_id_2f476e4b_fk_django_co FOREIGN KEY (content_type_id) REFERENCES public.django_content_type(id) DEFERRABLE INITIALLY DEFERRED;


--
-- Name: custom_dashboard_batchuploadresult custom_dashboard_bat_batch_file_id_abb8dbb0_fk_custom_da; Type: FK CONSTRAINT; Schema: public; Owner: postgres
--

ALTER TABLE ONLY public.custom_dashboard_batchuploadresult
    ADD CONSTRAINT custom_dashboard_bat_batch_file_id_abb8dbb0_fk_custom_da FOREIGN KEY (batch_file_id) REFERENCES public.custom_dashboard_studentrecords(id) DEFERRABLE INITIALLY DEFERRED;


--
-- Name: custom_dashboard_batchuploadresult_students custom_dashboard_bat_batchuploadresult_id_34f09ada_fk_custom_da; Type: FK CONSTRAINT; Schema: public; Owner: postgres
--

ALTER TABLE ONLY public.custom_dashboard_batchuploadresult_students
    ADD CONSTRAINT custom_dashboard_bat_batchuploadresult_id_34f09ada_fk_custom_da FOREIGN KEY (batchuploadresult_id) REFERENCES public.custom_dashboard_batchuploadresult(id) DEFERRABLE INITIALLY DEFERRED;


--
-- Name: custom_dashboard_batchuploadresult custom_dashboard_bat_collection_id_98c20d2a_fk_wagtailco; Type: FK CONSTRAINT; Schema: public; Owner: postgres
--

ALTER TABLE ONLY public.custom_dashboard_batchuploadresult
    ADD CONSTRAINT custom_dashboard_bat_collection_id_98c20d2a_fk_wagtailco FOREIGN KEY (collection_id) REFERENCES public.wagtailcore_collection(id) DEFERRABLE INITIALLY DEFERRED;


--
-- Name: custom_dashboard_batchuploadresult_students custom_dashboard_bat_customuser_id_419a8436_fk_users_cus; Type: FK CONSTRAINT; Schema: public; Owner: postgres
--

ALTER TABLE ONLY public.custom_dashboard_batchuploadresult_students
    ADD CONSTRAINT custom_dashboard_bat_customuser_id_419a8436_fk_users_cus FOREIGN KEY (customuser_id) REFERENCES public.users_customuser(id) DEFERRABLE INITIALLY DEFERRED;


--
-- Name: custom_dashboard_studentrecords custom_dashboard_stu_assigned_controller__27ff96e2_fk_users_cus; Type: FK CONSTRAINT; Schema: public; Owner: postgres
--

ALTER TABLE ONLY public.custom_dashboard_studentrecords
    ADD CONSTRAINT custom_dashboard_stu_assigned_controller__27ff96e2_fk_users_cus FOREIGN KEY (assigned_controller_id) REFERENCES public.users_customuser(id) DEFERRABLE INITIALLY DEFERRED;


--
-- Name: custom_dashboard_studentrecords custom_dashboard_stu_assigned_pr_id_775a3313_fk_users_cus; Type: FK CONSTRAINT; Schema: public; Owner: postgres
--

ALTER TABLE ONLY public.custom_dashboard_studentrecords
    ADD CONSTRAINT custom_dashboard_stu_assigned_pr_id_775a3313_fk_users_cus FOREIGN KEY (assigned_pr_id) REFERENCES public.users_customuser(id) DEFERRABLE INITIALLY DEFERRED;


--
-- Name: custom_dashboard_studentrecords custom_dashboard_stu_batch_year_id_c31ae535_fk_departmen; Type: FK CONSTRAINT; Schema: public; Owner: postgres
--

ALTER TABLE ONLY public.custom_dashboard_studentrecords
    ADD CONSTRAINT custom_dashboard_stu_batch_year_id_c31ae535_fk_departmen FOREIGN KEY (batch_year_id) REFERENCES public.departments_batchyear(id) DEFERRABLE INITIALLY DEFERRED;


--
-- Name: custom_dashboard_studentrecords custom_dashboard_stu_institute_id_9d26fc20_fk_institute; Type: FK CONSTRAINT; Schema: public; Owner: postgres
--

ALTER TABLE ONLY public.custom_dashboard_studentrecords
    ADD CONSTRAINT custom_dashboard_stu_institute_id_9d26fc20_fk_institute FOREIGN KEY (institute_id) REFERENCES public.institutes_institute(id) DEFERRABLE INITIALLY DEFERRED;


--
-- Name: custom_dashboard_studentrecords custom_dashboard_stu_link_document_id_15dd6410_fk_institute; Type: FK CONSTRAINT; Schema: public; Owner: postgres
--

ALTER TABLE ONLY public.custom_dashboard_studentrecords
    ADD CONSTRAINT custom_dashboard_stu_link_document_id_15dd6410_fk_institute FOREIGN KEY (link_document_id) REFERENCES public.institutes_customdocument(id) DEFERRABLE INITIALLY DEFERRED;


--
-- Name: custom_dashboard_studentrecords custom_dashboard_stu_updated_by_id_692dc027_fk_users_cus; Type: FK CONSTRAINT; Schema: public; Owner: postgres
--

ALTER TABLE ONLY public.custom_dashboard_studentrecords
    ADD CONSTRAINT custom_dashboard_stu_updated_by_id_692dc027_fk_users_cus FOREIGN KEY (updated_by_id) REFERENCES public.users_customuser(id) DEFERRABLE INITIALLY DEFERRED;


--
-- Name: departments_batch departments_batch_assigned_faculty_mem_ce74cdc0_fk_users_cus; Type: FK CONSTRAINT; Schema: public; Owner: postgres
--

ALTER TABLE ONLY public.departments_batch
    ADD CONSTRAINT departments_batch_assigned_faculty_mem_ce74cdc0_fk_users_cus FOREIGN KEY (assigned_faculty_member_id) REFERENCES public.users_customuser(id) DEFERRABLE INITIALLY DEFERRED;


--
-- Name: departments_batch departments_batch_collection_id_4f3cf3e3_fk_wagtailco; Type: FK CONSTRAINT; Schema: public; Owner: postgres
--

ALTER TABLE ONLY public.departments_batch
    ADD CONSTRAINT departments_batch_collection_id_4f3cf3e3_fk_wagtailco FOREIGN KEY (collection_id) REFERENCES public.wagtailcore_collection(id) DEFERRABLE INITIALLY DEFERRED;


--
-- Name: departments_batch departments_batch_degree_id_ea630697_fk_institutes_degree_id; Type: FK CONSTRAINT; Schema: public; Owner: postgres
--

ALTER TABLE ONLY public.departments_batch
    ADD CONSTRAINT departments_batch_degree_id_ea630697_fk_institutes_degree_id FOREIGN KEY (degree_id) REFERENCES public.institutes_degree(id) DEFERRABLE INITIALLY DEFERRED;


--
-- Name: departments_batch departments_batch_department_id_a3ba1799_fk_departmen; Type: FK CONSTRAINT; Schema: public; Owner: postgres
--

ALTER TABLE ONLY public.departments_batch
    ADD CONSTRAINT departments_batch_department_id_a3ba1799_fk_departmen FOREIGN KEY (department_id) REFERENCES public.departments_department(id) DEFERRABLE INITIALLY DEFERRED;


--
-- Name: departments_batchyear departments_batchyea_assigned_faculty_mem_daa52e5d_fk_users_cus; Type: FK CONSTRAINT; Schema: public; Owner: postgres
--

ALTER TABLE ONLY public.departments_batchyear
    ADD CONSTRAINT departments_batchyea_assigned_faculty_mem_daa52e5d_fk_users_cus FOREIGN KEY (assigned_faculty_member_id) REFERENCES public.users_customuser(id) DEFERRABLE INITIALLY DEFERRED;


--
-- Name: departments_batchyear_students departments_batchyea_batchyear_id_ae929da7_fk_departmen; Type: FK CONSTRAINT; Schema: public; Owner: postgres
--

ALTER TABLE ONLY public.departments_batchyear_students
    ADD CONSTRAINT departments_batchyea_batchyear_id_ae929da7_fk_departmen FOREIGN KEY (batchyear_id) REFERENCES public.departments_batchyear(id) DEFERRABLE INITIALLY DEFERRED;


--
-- Name: departments_batchyear departments_batchyea_collection_id_ea197e62_fk_wagtailco; Type: FK CONSTRAINT; Schema: public; Owner: postgres
--

ALTER TABLE ONLY public.departments_batchyear
    ADD CONSTRAINT departments_batchyea_collection_id_ea197e62_fk_wagtailco FOREIGN KEY (collection_id) REFERENCES public.wagtailcore_collection(id) DEFERRABLE INITIALLY DEFERRED;


--
-- Name: departments_batchyear_students departments_batchyea_customuser_id_7a08dda4_fk_users_cus; Type: FK CONSTRAINT; Schema: public; Owner: postgres
--

ALTER TABLE ONLY public.departments_batchyear_students
    ADD CONSTRAINT departments_batchyea_customuser_id_7a08dda4_fk_users_cus FOREIGN KEY (customuser_id) REFERENCES public.users_customuser(id) DEFERRABLE INITIALLY DEFERRED;


--
-- Name: departments_batchyear departments_batchyear_batch_id_f8681a4a_fk_departments_batch_id; Type: FK CONSTRAINT; Schema: public; Owner: postgres
--

ALTER TABLE ONLY public.departments_batchyear
    ADD CONSTRAINT departments_batchyear_batch_id_f8681a4a_fk_departments_batch_id FOREIGN KEY (batch_id) REFERENCES public.departments_batch(id) DEFERRABLE INITIALLY DEFERRED;


--
-- Name: departments_department departments_departme_collection_id_98ec3a0e_fk_wagtailco; Type: FK CONSTRAINT; Schema: public; Owner: postgres
--

ALTER TABLE ONLY public.departments_department
    ADD CONSTRAINT departments_departme_collection_id_98ec3a0e_fk_wagtailco FOREIGN KEY (collection_id) REFERENCES public.wagtailcore_collection(id) DEFERRABLE INITIALLY DEFERRED;


--
-- Name: departments_department departments_departme_institute_id_a81c46bd_fk_institute; Type: FK CONSTRAINT; Schema: public; Owner: postgres
--

ALTER TABLE ONLY public.departments_department
    ADD CONSTRAINT departments_departme_institute_id_a81c46bd_fk_institute FOREIGN KEY (institute_id) REFERENCES public.institutes_institute(id) DEFERRABLE INITIALLY DEFERRED;


--
-- Name: django_admin_log django_admin_log_content_type_id_c4bce8eb_fk_django_co; Type: FK CONSTRAINT; Schema: public; Owner: postgres
--

ALTER TABLE ONLY public.django_admin_log
    ADD CONSTRAINT django_admin_log_content_type_id_c4bce8eb_fk_django_co FOREIGN KEY (content_type_id) REFERENCES public.django_content_type(id) DEFERRABLE INITIALLY DEFERRED;


--
-- Name: django_admin_log django_admin_log_user_id_c564eba6_fk_users_customuser_id; Type: FK CONSTRAINT; Schema: public; Owner: postgres
--

ALTER TABLE ONLY public.django_admin_log
    ADD CONSTRAINT django_admin_log_user_id_c564eba6_fk_users_customuser_id FOREIGN KEY (user_id) REFERENCES public.users_customuser(id) DEFERRABLE INITIALLY DEFERRED;


--
-- Name: institutes_customdocument institutes_customdoc_batch_id_af18d6b5_fk_departmen; Type: FK CONSTRAINT; Schema: public; Owner: postgres
--

ALTER TABLE ONLY public.institutes_customdocument
    ADD CONSTRAINT institutes_customdoc_batch_id_af18d6b5_fk_departmen FOREIGN KEY (batch_id) REFERENCES public.departments_batchyear(id) DEFERRABLE INITIALLY DEFERRED;


--
-- Name: institutes_customdocument institutes_customdoc_collection_id_2827217f_fk_wagtailco; Type: FK CONSTRAINT; Schema: public; Owner: postgres
--

ALTER TABLE ONLY public.institutes_customdocument
    ADD CONSTRAINT institutes_customdoc_collection_id_2827217f_fk_wagtailco FOREIGN KEY (collection_id) REFERENCES public.wagtailcore_collection(id) DEFERRABLE INITIALLY DEFERRED;


--
-- Name: institutes_customdocument institutes_customdoc_department_id_9d7623d7_fk_departmen; Type: FK CONSTRAINT; Schema: public; Owner: postgres
--

ALTER TABLE ONLY public.institutes_customdocument
    ADD CONSTRAINT institutes_customdoc_department_id_9d7623d7_fk_departmen FOREIGN KEY (department_id) REFERENCES public.departments_department(id) DEFERRABLE INITIALLY DEFERRED;


--
-- Name: institutes_customdocument institutes_customdoc_institute_id_aad14180_fk_institute; Type: FK CONSTRAINT; Schema: public; Owner: postgres
--

ALTER TABLE ONLY public.institutes_customdocument
    ADD CONSTRAINT institutes_customdoc_institute_id_aad14180_fk_institute FOREIGN KEY (institute_id) REFERENCES public.institutes_institute(id) DEFERRABLE INITIALLY DEFERRED;


--
-- Name: institutes_customdocument institutes_customdoc_uploaded_by_user_id_f8c9885c_fk_users_cus; Type: FK CONSTRAINT; Schema: public; Owner: postgres
--

ALTER TABLE ONLY public.institutes_customdocument
    ADD CONSTRAINT institutes_customdoc_uploaded_by_user_id_f8c9885c_fk_users_cus FOREIGN KEY (uploaded_by_user_id) REFERENCES public.users_customuser(id) DEFERRABLE INITIALLY DEFERRED;


--
-- Name: institutes_degree institutes_degree_institute_id_d1cc621a_fk_institute; Type: FK CONSTRAINT; Schema: public; Owner: postgres
--

ALTER TABLE ONLY public.institutes_degree
    ADD CONSTRAINT institutes_degree_institute_id_d1cc621a_fk_institute FOREIGN KEY (institute_id) REFERENCES public.institutes_institute(id) DEFERRABLE INITIALLY DEFERRED;


--
-- Name: institutes_institute institutes_institute_collection_id_b603b227_fk_wagtailco; Type: FK CONSTRAINT; Schema: public; Owner: postgres
--

ALTER TABLE ONLY public.institutes_institute
    ADD CONSTRAINT institutes_institute_collection_id_b603b227_fk_wagtailco FOREIGN KEY (collection_id) REFERENCES public.wagtailcore_collection(id) DEFERRABLE INITIALLY DEFERRED;


--
-- Name: institutes_institutecollections_collection institutes_institute_collection_id_dba18e59_fk_wagtailco; Type: FK CONSTRAINT; Schema: public; Owner: postgres
--

ALTER TABLE ONLY public.institutes_institutecollections_collection
    ADD CONSTRAINT institutes_institute_collection_id_dba18e59_fk_wagtailco FOREIGN KEY (collection_id) REFERENCES public.wagtailcore_collection(id) DEFERRABLE INITIALLY DEFERRED;


--
-- Name: institutes_institutecollections institutes_institute_institute_id_a8b3cf05_fk_institute; Type: FK CONSTRAINT; Schema: public; Owner: postgres
--

ALTER TABLE ONLY public.institutes_institutecollections
    ADD CONSTRAINT institutes_institute_institute_id_a8b3cf05_fk_institute FOREIGN KEY (institute_id) REFERENCES public.institutes_institute(id) DEFERRABLE INITIALLY DEFERRED;


--
-- Name: institutes_institutecollections_collection institutes_institute_institutecollections_f66df0ec_fk_institute; Type: FK CONSTRAINT; Schema: public; Owner: postgres
--

ALTER TABLE ONLY public.institutes_institutecollections_collection
    ADD CONSTRAINT institutes_institute_institutecollections_f66df0ec_fk_institute FOREIGN KEY (institutecollections_id) REFERENCES public.institutes_institutecollections(id) DEFERRABLE INITIALLY DEFERRED;


--
-- Name: students_studenthomepage students_studenthome_institute_id_db16a04a_fk_institute; Type: FK CONSTRAINT; Schema: public; Owner: postgres
--

ALTER TABLE ONLY public.students_studenthomepage
    ADD CONSTRAINT students_studenthome_institute_id_db16a04a_fk_institute FOREIGN KEY (institute_id) REFERENCES public.institutes_institute(id) DEFERRABLE INITIALLY DEFERRED;


--
-- Name: students_studenthomepage students_studenthome_logo_id_5c26f2a4_fk_wagtailim; Type: FK CONSTRAINT; Schema: public; Owner: postgres
--

ALTER TABLE ONLY public.students_studenthomepage
    ADD CONSTRAINT students_studenthome_logo_id_5c26f2a4_fk_wagtailim FOREIGN KEY (logo_id) REFERENCES public.wagtailimages_image(id) DEFERRABLE INITIALLY DEFERRED;


--
-- Name: students_studenthomepageroute students_studenthome_page_ptr_id_0e48cffd_fk_wagtailco; Type: FK CONSTRAINT; Schema: public; Owner: postgres
--

ALTER TABLE ONLY public.students_studenthomepageroute
    ADD CONSTRAINT students_studenthome_page_ptr_id_0e48cffd_fk_wagtailco FOREIGN KEY (page_ptr_id) REFERENCES public.wagtailcore_page(id) DEFERRABLE INITIALLY DEFERRED;


--
-- Name: students_studenthomepage students_studenthome_page_ptr_id_39b3cee2_fk_wagtailco; Type: FK CONSTRAINT; Schema: public; Owner: postgres
--

ALTER TABLE ONLY public.students_studenthomepage
    ADD CONSTRAINT students_studenthome_page_ptr_id_39b3cee2_fk_wagtailco FOREIGN KEY (page_ptr_id) REFERENCES public.wagtailcore_page(id) DEFERRABLE INITIALLY DEFERRED;


--
-- Name: students_studentprofile students_studentprofile_user_id_43a83eee_fk_users_customuser_id; Type: FK CONSTRAINT; Schema: public; Owner: postgres
--

ALTER TABLE ONLY public.students_studentprofile
    ADD CONSTRAINT students_studentprofile_user_id_43a83eee_fk_users_customuser_id FOREIGN KEY (user_id) REFERENCES public.users_customuser(id) DEFERRABLE INITIALLY DEFERRED;


--
-- Name: students_studentrecord students_studentreco_record_id_06ca839e_fk_custom_da; Type: FK CONSTRAINT; Schema: public; Owner: postgres
--

ALTER TABLE ONLY public.students_studentrecord
    ADD CONSTRAINT students_studentreco_record_id_06ca839e_fk_custom_da FOREIGN KEY (record_id) REFERENCES public.custom_dashboard_studentrecords(id) DEFERRABLE INITIALLY DEFERRED;


--
-- Name: students_studentrecord students_studentreco_result_id_093cf429_fk_custom_da; Type: FK CONSTRAINT; Schema: public; Owner: postgres
--

ALTER TABLE ONLY public.students_studentrecord
    ADD CONSTRAINT students_studentreco_result_id_093cf429_fk_custom_da FOREIGN KEY (result_id) REFERENCES public.custom_dashboard_batchuploadresult(id) DEFERRABLE INITIALLY DEFERRED;


--
-- Name: students_studentrecord students_studentreco_student_id_235cc8d1_fk_users_cus; Type: FK CONSTRAINT; Schema: public; Owner: postgres
--

ALTER TABLE ONLY public.students_studentrecord
    ADD CONSTRAINT students_studentreco_student_id_235cc8d1_fk_users_cus FOREIGN KEY (student_id) REFERENCES public.users_customuser(id) DEFERRABLE INITIALLY DEFERRED;


--
-- Name: taggit_taggeditem taggit_taggeditem_content_type_id_9957a03c_fk_django_co; Type: FK CONSTRAINT; Schema: public; Owner: postgres
--

ALTER TABLE ONLY public.taggit_taggeditem
    ADD CONSTRAINT taggit_taggeditem_content_type_id_9957a03c_fk_django_co FOREIGN KEY (content_type_id) REFERENCES public.django_content_type(id) DEFERRABLE INITIALLY DEFERRED;


--
-- Name: taggit_taggeditem taggit_taggeditem_tag_id_f4f5b767_fk_taggit_tag_id; Type: FK CONSTRAINT; Schema: public; Owner: postgres
--

ALTER TABLE ONLY public.taggit_taggeditem
    ADD CONSTRAINT taggit_taggeditem_tag_id_f4f5b767_fk_taggit_tag_id FOREIGN KEY (tag_id) REFERENCES public.taggit_tag(id) DEFERRABLE INITIALLY DEFERRED;


--
-- Name: users_customgroup_roles users_customgroup_ro_customgroup_id_be72d144_fk_users_cus; Type: FK CONSTRAINT; Schema: public; Owner: postgres
--

ALTER TABLE ONLY public.users_customgroup_roles
    ADD CONSTRAINT users_customgroup_ro_customgroup_id_be72d144_fk_users_cus FOREIGN KEY (customgroup_id) REFERENCES public.users_customgroup(id) DEFERRABLE INITIALLY DEFERRED;


--
-- Name: users_customgroup users_customgroup_role_id_80f0990a_fk_auth_group_id; Type: FK CONSTRAINT; Schema: public; Owner: postgres
--

ALTER TABLE ONLY public.users_customgroup
    ADD CONSTRAINT users_customgroup_role_id_80f0990a_fk_auth_group_id FOREIGN KEY (role_id) REFERENCES public.auth_group(id) DEFERRABLE INITIALLY DEFERRED;


--
-- Name: users_customgroup_roles users_customgroup_roles_group_id_97d5279a_fk_auth_group_id; Type: FK CONSTRAINT; Schema: public; Owner: postgres
--

ALTER TABLE ONLY public.users_customgroup_roles
    ADD CONSTRAINT users_customgroup_roles_group_id_97d5279a_fk_auth_group_id FOREIGN KEY (group_id) REFERENCES public.auth_group(id) DEFERRABLE INITIALLY DEFERRED;


--
-- Name: users_customuser users_customuser_batch_id_5ccb090f_fk_departments_batchyear_id; Type: FK CONSTRAINT; Schema: public; Owner: postgres
--

ALTER TABLE ONLY public.users_customuser
    ADD CONSTRAINT users_customuser_batch_id_5ccb090f_fk_departments_batchyear_id FOREIGN KEY (batch_id) REFERENCES public.departments_batchyear(id) DEFERRABLE INITIALLY DEFERRED;


--
-- Name: users_customuser users_customuser_degree_id_5c565a4b_fk_institutes_degree_id; Type: FK CONSTRAINT; Schema: public; Owner: postgres
--

ALTER TABLE ONLY public.users_customuser
    ADD CONSTRAINT users_customuser_degree_id_5c565a4b_fk_institutes_degree_id FOREIGN KEY (degree_id) REFERENCES public.institutes_degree(id) DEFERRABLE INITIALLY DEFERRED;


--
-- Name: users_customuser users_customuser_department_id_6025b80c_fk_departmen; Type: FK CONSTRAINT; Schema: public; Owner: postgres
--

ALTER TABLE ONLY public.users_customuser
    ADD CONSTRAINT users_customuser_department_id_6025b80c_fk_departmen FOREIGN KEY (department_id) REFERENCES public.departments_department(id) DEFERRABLE INITIALLY DEFERRED;


--
-- Name: users_customuser_groups users_customuser_gro_customuser_id_958147bf_fk_users_cus; Type: FK CONSTRAINT; Schema: public; Owner: postgres
--

ALTER TABLE ONLY public.users_customuser_groups
    ADD CONSTRAINT users_customuser_gro_customuser_id_958147bf_fk_users_cus FOREIGN KEY (customuser_id) REFERENCES public.users_customuser(id) DEFERRABLE INITIALLY DEFERRED;


--
-- Name: users_customuser_groups users_customuser_groups_group_id_01390b14_fk_auth_group_id; Type: FK CONSTRAINT; Schema: public; Owner: postgres
--

ALTER TABLE ONLY public.users_customuser_groups
    ADD CONSTRAINT users_customuser_groups_group_id_01390b14_fk_auth_group_id FOREIGN KEY (group_id) REFERENCES public.auth_group(id) DEFERRABLE INITIALLY DEFERRED;


--
-- Name: users_customuser users_customuser_institute_id_5e17e3b6_fk_institute; Type: FK CONSTRAINT; Schema: public; Owner: postgres
--

ALTER TABLE ONLY public.users_customuser
    ADD CONSTRAINT users_customuser_institute_id_5e17e3b6_fk_institute FOREIGN KEY (institute_id) REFERENCES public.institutes_institute(id) DEFERRABLE INITIALLY DEFERRED;


--
-- Name: users_customuser users_customuser_role_id_75f28582_fk_auth_group_id; Type: FK CONSTRAINT; Schema: public; Owner: postgres
--

ALTER TABLE ONLY public.users_customuser
    ADD CONSTRAINT users_customuser_role_id_75f28582_fk_auth_group_id FOREIGN KEY (role_id) REFERENCES public.auth_group(id) DEFERRABLE INITIALLY DEFERRED;


--
-- Name: users_customuser_user_permissions users_customuser_use_customuser_id_5771478b_fk_users_cus; Type: FK CONSTRAINT; Schema: public; Owner: postgres
--

ALTER TABLE ONLY public.users_customuser_user_permissions
    ADD CONSTRAINT users_customuser_use_customuser_id_5771478b_fk_users_cus FOREIGN KEY (customuser_id) REFERENCES public.users_customuser(id) DEFERRABLE INITIALLY DEFERRED;


--
-- Name: users_customuser_user_permissions users_customuser_use_permission_id_baaa2f74_fk_auth_perm; Type: FK CONSTRAINT; Schema: public; Owner: postgres
--

ALTER TABLE ONLY public.users_customuser_user_permissions
    ADD CONSTRAINT users_customuser_use_permission_id_baaa2f74_fk_auth_perm FOREIGN KEY (permission_id) REFERENCES public.auth_permission(id) DEFERRABLE INITIALLY DEFERRED;


--
-- Name: wagtailcore_collectionviewrestriction wagtailcore_collecti_collection_id_761908ec_fk_wagtailco; Type: FK CONSTRAINT; Schema: public; Owner: postgres
--

ALTER TABLE ONLY public.wagtailcore_collectionviewrestriction
    ADD CONSTRAINT wagtailcore_collecti_collection_id_761908ec_fk_wagtailco FOREIGN KEY (collection_id) REFERENCES public.wagtailcore_collection(id) DEFERRABLE INITIALLY DEFERRED;


--
-- Name: wagtailcore_collectionviewrestriction_groups wagtailcore_collecti_collectionviewrestri_47320efd_fk_wagtailco; Type: FK CONSTRAINT; Schema: public; Owner: postgres
--

ALTER TABLE ONLY public.wagtailcore_collectionviewrestriction_groups
    ADD CONSTRAINT wagtailcore_collecti_collectionviewrestri_47320efd_fk_wagtailco FOREIGN KEY (collectionviewrestriction_id) REFERENCES public.wagtailcore_collectionviewrestriction(id) DEFERRABLE INITIALLY DEFERRED;


--
-- Name: wagtailcore_collectionviewrestriction_groups wagtailcore_collecti_group_id_1823f2a3_fk_auth_grou; Type: FK CONSTRAINT; Schema: public; Owner: postgres
--

ALTER TABLE ONLY public.wagtailcore_collectionviewrestriction_groups
    ADD CONSTRAINT wagtailcore_collecti_group_id_1823f2a3_fk_auth_grou FOREIGN KEY (group_id) REFERENCES public.auth_group(id) DEFERRABLE INITIALLY DEFERRED;


--
-- Name: wagtailcore_comment wagtailcore_comment_page_id_108444b5_fk_wagtailcore_page_id; Type: FK CONSTRAINT; Schema: public; Owner: postgres
--

ALTER TABLE ONLY public.wagtailcore_comment
    ADD CONSTRAINT wagtailcore_comment_page_id_108444b5_fk_wagtailcore_page_id FOREIGN KEY (page_id) REFERENCES public.wagtailcore_page(id) DEFERRABLE INITIALLY DEFERRED;


--
-- Name: wagtailcore_comment wagtailcore_comment_resolved_by_id_a282aa0e_fk_users_cus; Type: FK CONSTRAINT; Schema: public; Owner: postgres
--

ALTER TABLE ONLY public.wagtailcore_comment
    ADD CONSTRAINT wagtailcore_comment_resolved_by_id_a282aa0e_fk_users_cus FOREIGN KEY (resolved_by_id) REFERENCES public.users_customuser(id) DEFERRABLE INITIALLY DEFERRED;


--
-- Name: wagtailcore_comment wagtailcore_comment_revision_created_id_1d058279_fk_wagtailco; Type: FK CONSTRAINT; Schema: public; Owner: postgres
--

ALTER TABLE ONLY public.wagtailcore_comment
    ADD CONSTRAINT wagtailcore_comment_revision_created_id_1d058279_fk_wagtailco FOREIGN KEY (revision_created_id) REFERENCES public.wagtailcore_pagerevision(id) DEFERRABLE INITIALLY DEFERRED;


--
-- Name: wagtailcore_comment wagtailcore_comment_user_id_0c577ca6_fk_users_customuser_id; Type: FK CONSTRAINT; Schema: public; Owner: postgres
--

ALTER TABLE ONLY public.wagtailcore_comment
    ADD CONSTRAINT wagtailcore_comment_user_id_0c577ca6_fk_users_customuser_id FOREIGN KEY (user_id) REFERENCES public.users_customuser(id) DEFERRABLE INITIALLY DEFERRED;


--
-- Name: wagtailcore_commentreply wagtailcore_commentr_comment_id_afc7e027_fk_wagtailco; Type: FK CONSTRAINT; Schema: public; Owner: postgres
--

ALTER TABLE ONLY public.wagtailcore_commentreply
    ADD CONSTRAINT wagtailcore_commentr_comment_id_afc7e027_fk_wagtailco FOREIGN KEY (comment_id) REFERENCES public.wagtailcore_comment(id) DEFERRABLE INITIALLY DEFERRED;


--
-- Name: wagtailcore_commentreply wagtailcore_commentr_user_id_d0b3b9c3_fk_users_cus; Type: FK CONSTRAINT; Schema: public; Owner: postgres
--

ALTER TABLE ONLY public.wagtailcore_commentreply
    ADD CONSTRAINT wagtailcore_commentr_user_id_d0b3b9c3_fk_users_cus FOREIGN KEY (user_id) REFERENCES public.users_customuser(id) DEFERRABLE INITIALLY DEFERRED;


--
-- Name: wagtailcore_groupapprovaltask_groups wagtailcore_groupapp_group_id_2e64b61f_fk_auth_grou; Type: FK CONSTRAINT; Schema: public; Owner: postgres
--

ALTER TABLE ONLY public.wagtailcore_groupapprovaltask_groups
    ADD CONSTRAINT wagtailcore_groupapp_group_id_2e64b61f_fk_auth_grou FOREIGN KEY (group_id) REFERENCES public.auth_group(id) DEFERRABLE INITIALLY DEFERRED;


--
-- Name: wagtailcore_groupapprovaltask_groups wagtailcore_groupapp_groupapprovaltask_id_9a9255ea_fk_wagtailco; Type: FK CONSTRAINT; Schema: public; Owner: postgres
--

ALTER TABLE ONLY public.wagtailcore_groupapprovaltask_groups
    ADD CONSTRAINT wagtailcore_groupapp_groupapprovaltask_id_9a9255ea_fk_wagtailco FOREIGN KEY (groupapprovaltask_id) REFERENCES public.wagtailcore_groupapprovaltask(task_ptr_id) DEFERRABLE INITIALLY DEFERRED;


--
-- Name: wagtailcore_groupapprovaltask wagtailcore_groupapp_task_ptr_id_cfe58781_fk_wagtailco; Type: FK CONSTRAINT; Schema: public; Owner: postgres
--

ALTER TABLE ONLY public.wagtailcore_groupapprovaltask
    ADD CONSTRAINT wagtailcore_groupapp_task_ptr_id_cfe58781_fk_wagtailco FOREIGN KEY (task_ptr_id) REFERENCES public.wagtailcore_task(id) DEFERRABLE INITIALLY DEFERRED;


--
-- Name: wagtailcore_groupcollectionpermission wagtailcore_groupcol_collection_id_5423575a_fk_wagtailco; Type: FK CONSTRAINT; Schema: public; Owner: postgres
--

ALTER TABLE ONLY public.wagtailcore_groupcollectionpermission
    ADD CONSTRAINT wagtailcore_groupcol_collection_id_5423575a_fk_wagtailco FOREIGN KEY (collection_id) REFERENCES public.wagtailcore_collection(id) DEFERRABLE INITIALLY DEFERRED;


--
-- Name: wagtailcore_groupcollectionpermission wagtailcore_groupcol_group_id_05d61460_fk_auth_grou; Type: FK CONSTRAINT; Schema: public; Owner: postgres
--

ALTER TABLE ONLY public.wagtailcore_groupcollectionpermission
    ADD CONSTRAINT wagtailcore_groupcol_group_id_05d61460_fk_auth_grou FOREIGN KEY (group_id) REFERENCES public.auth_group(id) DEFERRABLE INITIALLY DEFERRED;


--
-- Name: wagtailcore_groupcollectionpermission wagtailcore_groupcol_permission_id_1b626275_fk_auth_perm; Type: FK CONSTRAINT; Schema: public; Owner: postgres
--

ALTER TABLE ONLY public.wagtailcore_groupcollectionpermission
    ADD CONSTRAINT wagtailcore_groupcol_permission_id_1b626275_fk_auth_perm FOREIGN KEY (permission_id) REFERENCES public.auth_permission(id) DEFERRABLE INITIALLY DEFERRED;


--
-- Name: wagtailcore_grouppagepermission wagtailcore_grouppag_group_id_fc07e671_fk_auth_grou; Type: FK CONSTRAINT; Schema: public; Owner: postgres
--

ALTER TABLE ONLY public.wagtailcore_grouppagepermission
    ADD CONSTRAINT wagtailcore_grouppag_group_id_fc07e671_fk_auth_grou FOREIGN KEY (group_id) REFERENCES public.auth_group(id) DEFERRABLE INITIALLY DEFERRED;


--
-- Name: wagtailcore_grouppagepermission wagtailcore_grouppag_page_id_710b114a_fk_wagtailco; Type: FK CONSTRAINT; Schema: public; Owner: postgres
--

ALTER TABLE ONLY public.wagtailcore_grouppagepermission
    ADD CONSTRAINT wagtailcore_grouppag_page_id_710b114a_fk_wagtailco FOREIGN KEY (page_id) REFERENCES public.wagtailcore_page(id) DEFERRABLE INITIALLY DEFERRED;


--
-- Name: wagtailcore_modellogentry wagtailcore_modellog_content_type_id_68849e77_fk_django_co; Type: FK CONSTRAINT; Schema: public; Owner: postgres
--

ALTER TABLE ONLY public.wagtailcore_modellogentry
    ADD CONSTRAINT wagtailcore_modellog_content_type_id_68849e77_fk_django_co FOREIGN KEY (content_type_id) REFERENCES public.django_content_type(id) DEFERRABLE INITIALLY DEFERRED;


--
-- Name: wagtailcore_page wagtailcore_page_alias_of_id_12945502_fk_wagtailcore_page_id; Type: FK CONSTRAINT; Schema: public; Owner: postgres
--

ALTER TABLE ONLY public.wagtailcore_page
    ADD CONSTRAINT wagtailcore_page_alias_of_id_12945502_fk_wagtailcore_page_id FOREIGN KEY (alias_of_id) REFERENCES public.wagtailcore_page(id) DEFERRABLE INITIALLY DEFERRED;


--
-- Name: wagtailcore_page wagtailcore_page_content_type_id_c28424df_fk_django_co; Type: FK CONSTRAINT; Schema: public; Owner: postgres
--

ALTER TABLE ONLY public.wagtailcore_page
    ADD CONSTRAINT wagtailcore_page_content_type_id_c28424df_fk_django_co FOREIGN KEY (content_type_id) REFERENCES public.django_content_type(id) DEFERRABLE INITIALLY DEFERRED;


--
-- Name: wagtailcore_page wagtailcore_page_live_revision_id_930bd822_fk_wagtailco; Type: FK CONSTRAINT; Schema: public; Owner: postgres
--

ALTER TABLE ONLY public.wagtailcore_page
    ADD CONSTRAINT wagtailcore_page_live_revision_id_930bd822_fk_wagtailco FOREIGN KEY (live_revision_id) REFERENCES public.wagtailcore_pagerevision(id) DEFERRABLE INITIALLY DEFERRED;


--
-- Name: wagtailcore_page wagtailcore_page_locale_id_3c7e30a6_fk_wagtailcore_locale_id; Type: FK CONSTRAINT; Schema: public; Owner: postgres
--

ALTER TABLE ONLY public.wagtailcore_page
    ADD CONSTRAINT wagtailcore_page_locale_id_3c7e30a6_fk_wagtailcore_locale_id FOREIGN KEY (locale_id) REFERENCES public.wagtailcore_locale(id) DEFERRABLE INITIALLY DEFERRED;


--
-- Name: wagtailcore_page wagtailcore_page_locked_by_id_bcb86245_fk_users_customuser_id; Type: FK CONSTRAINT; Schema: public; Owner: postgres
--

ALTER TABLE ONLY public.wagtailcore_page
    ADD CONSTRAINT wagtailcore_page_locked_by_id_bcb86245_fk_users_customuser_id FOREIGN KEY (locked_by_id) REFERENCES public.users_customuser(id) DEFERRABLE INITIALLY DEFERRED;


--
-- Name: wagtailcore_page wagtailcore_page_owner_id_fbf7c332_fk_users_customuser_id; Type: FK CONSTRAINT; Schema: public; Owner: postgres
--

ALTER TABLE ONLY public.wagtailcore_page
    ADD CONSTRAINT wagtailcore_page_owner_id_fbf7c332_fk_users_customuser_id FOREIGN KEY (owner_id) REFERENCES public.users_customuser(id) DEFERRABLE INITIALLY DEFERRED;


--
-- Name: wagtailcore_pagelogentry wagtailcore_pageloge_content_type_id_74e7708a_fk_django_co; Type: FK CONSTRAINT; Schema: public; Owner: postgres
--

ALTER TABLE ONLY public.wagtailcore_pagelogentry
    ADD CONSTRAINT wagtailcore_pageloge_content_type_id_74e7708a_fk_django_co FOREIGN KEY (content_type_id) REFERENCES public.django_content_type(id) DEFERRABLE INITIALLY DEFERRED;


--
-- Name: wagtailcore_pagerevision wagtailcore_pagerevi_page_id_d421cc1d_fk_wagtailco; Type: FK CONSTRAINT; Schema: public; Owner: postgres
--

ALTER TABLE ONLY public.wagtailcore_pagerevision
    ADD CONSTRAINT wagtailcore_pagerevi_page_id_d421cc1d_fk_wagtailco FOREIGN KEY (page_id) REFERENCES public.wagtailcore_page(id) DEFERRABLE INITIALLY DEFERRED;


--
-- Name: wagtailcore_pagerevision wagtailcore_pagerevi_user_id_2409d2f4_fk_users_cus; Type: FK CONSTRAINT; Schema: public; Owner: postgres
--

ALTER TABLE ONLY public.wagtailcore_pagerevision
    ADD CONSTRAINT wagtailcore_pagerevi_user_id_2409d2f4_fk_users_cus FOREIGN KEY (user_id) REFERENCES public.users_customuser(id) DEFERRABLE INITIALLY DEFERRED;


--
-- Name: wagtailcore_pagesubscription wagtailcore_pagesubs_page_id_a085e7a6_fk_wagtailco; Type: FK CONSTRAINT; Schema: public; Owner: postgres
--

ALTER TABLE ONLY public.wagtailcore_pagesubscription
    ADD CONSTRAINT wagtailcore_pagesubs_page_id_a085e7a6_fk_wagtailco FOREIGN KEY (page_id) REFERENCES public.wagtailcore_page(id) DEFERRABLE INITIALLY DEFERRED;


--
-- Name: wagtailcore_pagesubscription wagtailcore_pagesubs_user_id_89d7def9_fk_users_cus; Type: FK CONSTRAINT; Schema: public; Owner: postgres
--

ALTER TABLE ONLY public.wagtailcore_pagesubscription
    ADD CONSTRAINT wagtailcore_pagesubs_user_id_89d7def9_fk_users_cus FOREIGN KEY (user_id) REFERENCES public.users_customuser(id) DEFERRABLE INITIALLY DEFERRED;


--
-- Name: wagtailcore_pageviewrestriction_groups wagtailcore_pageview_group_id_6460f223_fk_auth_grou; Type: FK CONSTRAINT; Schema: public; Owner: postgres
--

ALTER TABLE ONLY public.wagtailcore_pageviewrestriction_groups
    ADD CONSTRAINT wagtailcore_pageview_group_id_6460f223_fk_auth_grou FOREIGN KEY (group_id) REFERENCES public.auth_group(id) DEFERRABLE INITIALLY DEFERRED;


--
-- Name: wagtailcore_pageviewrestriction wagtailcore_pageview_page_id_15a8bea6_fk_wagtailco; Type: FK CONSTRAINT; Schema: public; Owner: postgres
--

ALTER TABLE ONLY public.wagtailcore_pageviewrestriction
    ADD CONSTRAINT wagtailcore_pageview_page_id_15a8bea6_fk_wagtailco FOREIGN KEY (page_id) REFERENCES public.wagtailcore_page(id) DEFERRABLE INITIALLY DEFERRED;


--
-- Name: wagtailcore_pageviewrestriction_groups wagtailcore_pageview_pageviewrestriction__f147a99a_fk_wagtailco; Type: FK CONSTRAINT; Schema: public; Owner: postgres
--

ALTER TABLE ONLY public.wagtailcore_pageviewrestriction_groups
    ADD CONSTRAINT wagtailcore_pageview_pageviewrestriction__f147a99a_fk_wagtailco FOREIGN KEY (pageviewrestriction_id) REFERENCES public.wagtailcore_pageviewrestriction(id) DEFERRABLE INITIALLY DEFERRED;


--
-- Name: wagtailcore_site wagtailcore_site_root_page_id_e02fb95c_fk_wagtailcore_page_id; Type: FK CONSTRAINT; Schema: public; Owner: postgres
--

ALTER TABLE ONLY public.wagtailcore_site
    ADD CONSTRAINT wagtailcore_site_root_page_id_e02fb95c_fk_wagtailcore_page_id FOREIGN KEY (root_page_id) REFERENCES public.wagtailcore_page(id) DEFERRABLE INITIALLY DEFERRED;


--
-- Name: wagtailcore_task wagtailcore_task_content_type_id_249ab8ba_fk_django_co; Type: FK CONSTRAINT; Schema: public; Owner: postgres
--

ALTER TABLE ONLY public.wagtailcore_task
    ADD CONSTRAINT wagtailcore_task_content_type_id_249ab8ba_fk_django_co FOREIGN KEY (content_type_id) REFERENCES public.django_content_type(id) DEFERRABLE INITIALLY DEFERRED;


--
-- Name: wagtailcore_taskstate wagtailcore_taskstat_content_type_id_0a758fdc_fk_django_co; Type: FK CONSTRAINT; Schema: public; Owner: postgres
--

ALTER TABLE ONLY public.wagtailcore_taskstate
    ADD CONSTRAINT wagtailcore_taskstat_content_type_id_0a758fdc_fk_django_co FOREIGN KEY (content_type_id) REFERENCES public.django_content_type(id) DEFERRABLE INITIALLY DEFERRED;


--
-- Name: wagtailcore_taskstate wagtailcore_taskstat_finished_by_id_13f98229_fk_users_cus; Type: FK CONSTRAINT; Schema: public; Owner: postgres
--

ALTER TABLE ONLY public.wagtailcore_taskstate
    ADD CONSTRAINT wagtailcore_taskstat_finished_by_id_13f98229_fk_users_cus FOREIGN KEY (finished_by_id) REFERENCES public.users_customuser(id) DEFERRABLE INITIALLY DEFERRED;


--
-- Name: wagtailcore_taskstate wagtailcore_taskstat_page_revision_id_9f52c88e_fk_wagtailco; Type: FK CONSTRAINT; Schema: public; Owner: postgres
--

ALTER TABLE ONLY public.wagtailcore_taskstate
    ADD CONSTRAINT wagtailcore_taskstat_page_revision_id_9f52c88e_fk_wagtailco FOREIGN KEY (page_revision_id) REFERENCES public.wagtailcore_pagerevision(id) DEFERRABLE INITIALLY DEFERRED;


--
-- Name: wagtailcore_taskstate wagtailcore_taskstat_workflow_state_id_9239a775_fk_wagtailco; Type: FK CONSTRAINT; Schema: public; Owner: postgres
--

ALTER TABLE ONLY public.wagtailcore_taskstate
    ADD CONSTRAINT wagtailcore_taskstat_workflow_state_id_9239a775_fk_wagtailco FOREIGN KEY (workflow_state_id) REFERENCES public.wagtailcore_workflowstate(id) DEFERRABLE INITIALLY DEFERRED;


--
-- Name: wagtailcore_taskstate wagtailcore_taskstate_task_id_c3677c34_fk_wagtailcore_task_id; Type: FK CONSTRAINT; Schema: public; Owner: postgres
--

ALTER TABLE ONLY public.wagtailcore_taskstate
    ADD CONSTRAINT wagtailcore_taskstate_task_id_c3677c34_fk_wagtailcore_task_id FOREIGN KEY (task_id) REFERENCES public.wagtailcore_task(id) DEFERRABLE INITIALLY DEFERRED;


--
-- Name: wagtailcore_workflowstate wagtailcore_workflow_current_task_state_i_3a1a0632_fk_wagtailco; Type: FK CONSTRAINT; Schema: public; Owner: postgres
--

ALTER TABLE ONLY public.wagtailcore_workflowstate
    ADD CONSTRAINT wagtailcore_workflow_current_task_state_i_3a1a0632_fk_wagtailco FOREIGN KEY (current_task_state_id) REFERENCES public.wagtailcore_taskstate(id) DEFERRABLE INITIALLY DEFERRED;


--
-- Name: wagtailcore_workflowstate wagtailcore_workflow_page_id_6c962862_fk_wagtailco; Type: FK CONSTRAINT; Schema: public; Owner: postgres
--

ALTER TABLE ONLY public.wagtailcore_workflowstate
    ADD CONSTRAINT wagtailcore_workflow_page_id_6c962862_fk_wagtailco FOREIGN KEY (page_id) REFERENCES public.wagtailcore_page(id) DEFERRABLE INITIALLY DEFERRED;


--
-- Name: wagtailcore_workflowpage wagtailcore_workflow_page_id_81e7bab6_fk_wagtailco; Type: FK CONSTRAINT; Schema: public; Owner: postgres
--

ALTER TABLE ONLY public.wagtailcore_workflowpage
    ADD CONSTRAINT wagtailcore_workflow_page_id_81e7bab6_fk_wagtailco FOREIGN KEY (page_id) REFERENCES public.wagtailcore_page(id) DEFERRABLE INITIALLY DEFERRED;


--
-- Name: wagtailcore_workflowstate wagtailcore_workflow_requested_by_id_4090bca3_fk_users_cus; Type: FK CONSTRAINT; Schema: public; Owner: postgres
--

ALTER TABLE ONLY public.wagtailcore_workflowstate
    ADD CONSTRAINT wagtailcore_workflow_requested_by_id_4090bca3_fk_users_cus FOREIGN KEY (requested_by_id) REFERENCES public.users_customuser(id) DEFERRABLE INITIALLY DEFERRED;


--
-- Name: wagtailcore_workflowtask wagtailcore_workflow_task_id_ce7716fe_fk_wagtailco; Type: FK CONSTRAINT; Schema: public; Owner: postgres
--

ALTER TABLE ONLY public.wagtailcore_workflowtask
    ADD CONSTRAINT wagtailcore_workflow_task_id_ce7716fe_fk_wagtailco FOREIGN KEY (task_id) REFERENCES public.wagtailcore_task(id) DEFERRABLE INITIALLY DEFERRED;


--
-- Name: wagtailcore_workflowstate wagtailcore_workflow_workflow_id_1f18378f_fk_wagtailco; Type: FK CONSTRAINT; Schema: public; Owner: postgres
--

ALTER TABLE ONLY public.wagtailcore_workflowstate
    ADD CONSTRAINT wagtailcore_workflow_workflow_id_1f18378f_fk_wagtailco FOREIGN KEY (workflow_id) REFERENCES public.wagtailcore_workflow(id) DEFERRABLE INITIALLY DEFERRED;


--
-- Name: wagtailcore_workflowpage wagtailcore_workflow_workflow_id_56f56ff6_fk_wagtailco; Type: FK CONSTRAINT; Schema: public; Owner: postgres
--

ALTER TABLE ONLY public.wagtailcore_workflowpage
    ADD CONSTRAINT wagtailcore_workflow_workflow_id_56f56ff6_fk_wagtailco FOREIGN KEY (workflow_id) REFERENCES public.wagtailcore_workflow(id) DEFERRABLE INITIALLY DEFERRED;


--
-- Name: wagtailcore_workflowtask wagtailcore_workflow_workflow_id_b9717175_fk_wagtailco; Type: FK CONSTRAINT; Schema: public; Owner: postgres
--

ALTER TABLE ONLY public.wagtailcore_workflowtask
    ADD CONSTRAINT wagtailcore_workflow_workflow_id_b9717175_fk_wagtailco FOREIGN KEY (workflow_id) REFERENCES public.wagtailcore_workflow(id) DEFERRABLE INITIALLY DEFERRED;


--
-- Name: wagtaildocs_document wagtaildocs_document_collection_id_23881625_fk_wagtailco; Type: FK CONSTRAINT; Schema: public; Owner: postgres
--

ALTER TABLE ONLY public.wagtaildocs_document
    ADD CONSTRAINT wagtaildocs_document_collection_id_23881625_fk_wagtailco FOREIGN KEY (collection_id) REFERENCES public.wagtailcore_collection(id) DEFERRABLE INITIALLY DEFERRED;


--
-- Name: wagtaildocs_document wagtaildocs_document_uploaded_by_user_id_17258b41_fk_users_cus; Type: FK CONSTRAINT; Schema: public; Owner: postgres
--

ALTER TABLE ONLY public.wagtaildocs_document
    ADD CONSTRAINT wagtaildocs_document_uploaded_by_user_id_17258b41_fk_users_cus FOREIGN KEY (uploaded_by_user_id) REFERENCES public.users_customuser(id) DEFERRABLE INITIALLY DEFERRED;


--
-- Name: wagtaildocs_uploadeddocument wagtaildocs_uploaded_uploaded_by_user_id_8dd61a73_fk_users_cus; Type: FK CONSTRAINT; Schema: public; Owner: postgres
--

ALTER TABLE ONLY public.wagtaildocs_uploadeddocument
    ADD CONSTRAINT wagtaildocs_uploaded_uploaded_by_user_id_8dd61a73_fk_users_cus FOREIGN KEY (uploaded_by_user_id) REFERENCES public.users_customuser(id) DEFERRABLE INITIALLY DEFERRED;


--
-- Name: wagtailforms_formsubmission wagtailforms_formsub_page_id_e48e93e7_fk_wagtailco; Type: FK CONSTRAINT; Schema: public; Owner: postgres
--

ALTER TABLE ONLY public.wagtailforms_formsubmission
    ADD CONSTRAINT wagtailforms_formsub_page_id_e48e93e7_fk_wagtailco FOREIGN KEY (page_id) REFERENCES public.wagtailcore_page(id) DEFERRABLE INITIALLY DEFERRED;


--
-- Name: wagtailimages_image wagtailimages_image_collection_id_c2f8af7e_fk_wagtailco; Type: FK CONSTRAINT; Schema: public; Owner: postgres
--

ALTER TABLE ONLY public.wagtailimages_image
    ADD CONSTRAINT wagtailimages_image_collection_id_c2f8af7e_fk_wagtailco FOREIGN KEY (collection_id) REFERENCES public.wagtailcore_collection(id) DEFERRABLE INITIALLY DEFERRED;


--
-- Name: wagtailimages_image wagtailimages_image_uploaded_by_user_id_5d73dc75_fk_users_cus; Type: FK CONSTRAINT; Schema: public; Owner: postgres
--

ALTER TABLE ONLY public.wagtailimages_image
    ADD CONSTRAINT wagtailimages_image_uploaded_by_user_id_5d73dc75_fk_users_cus FOREIGN KEY (uploaded_by_user_id) REFERENCES public.users_customuser(id) DEFERRABLE INITIALLY DEFERRED;


--
-- Name: wagtailimages_rendition wagtailimages_rendit_image_id_3e1fd774_fk_wagtailim; Type: FK CONSTRAINT; Schema: public; Owner: postgres
--

ALTER TABLE ONLY public.wagtailimages_rendition
    ADD CONSTRAINT wagtailimages_rendit_image_id_3e1fd774_fk_wagtailim FOREIGN KEY (image_id) REFERENCES public.wagtailimages_image(id) DEFERRABLE INITIALLY DEFERRED;


--
-- Name: wagtailimages_uploadedimage wagtailimages_upload_uploaded_by_user_id_85921689_fk_users_cus; Type: FK CONSTRAINT; Schema: public; Owner: postgres
--

ALTER TABLE ONLY public.wagtailimages_uploadedimage
    ADD CONSTRAINT wagtailimages_upload_uploaded_by_user_id_85921689_fk_users_cus FOREIGN KEY (uploaded_by_user_id) REFERENCES public.users_customuser(id) DEFERRABLE INITIALLY DEFERRED;


--
-- Name: wagtailredirects_redirect wagtailredirects_red_redirect_page_id_b5728a8f_fk_wagtailco; Type: FK CONSTRAINT; Schema: public; Owner: postgres
--

ALTER TABLE ONLY public.wagtailredirects_redirect
    ADD CONSTRAINT wagtailredirects_red_redirect_page_id_b5728a8f_fk_wagtailco FOREIGN KEY (redirect_page_id) REFERENCES public.wagtailcore_page(id) DEFERRABLE INITIALLY DEFERRED;


--
-- Name: wagtailredirects_redirect wagtailredirects_red_site_id_780a0e1e_fk_wagtailco; Type: FK CONSTRAINT; Schema: public; Owner: postgres
--

ALTER TABLE ONLY public.wagtailredirects_redirect
    ADD CONSTRAINT wagtailredirects_red_site_id_780a0e1e_fk_wagtailco FOREIGN KEY (site_id) REFERENCES public.wagtailcore_site(id) DEFERRABLE INITIALLY DEFERRED;


--
-- Name: wagtailsearch_editorspick wagtailsearch_editor_page_id_28cbc274_fk_wagtailco; Type: FK CONSTRAINT; Schema: public; Owner: postgres
--

ALTER TABLE ONLY public.wagtailsearch_editorspick
    ADD CONSTRAINT wagtailsearch_editor_page_id_28cbc274_fk_wagtailco FOREIGN KEY (page_id) REFERENCES public.wagtailcore_page(id) DEFERRABLE INITIALLY DEFERRED;


--
-- Name: wagtailsearch_editorspick wagtailsearch_editor_query_id_c6eee4a0_fk_wagtailse; Type: FK CONSTRAINT; Schema: public; Owner: postgres
--

ALTER TABLE ONLY public.wagtailsearch_editorspick
    ADD CONSTRAINT wagtailsearch_editor_query_id_c6eee4a0_fk_wagtailse FOREIGN KEY (query_id) REFERENCES public.wagtailsearch_query(id) DEFERRABLE INITIALLY DEFERRED;


--
-- Name: wagtailsearch_indexentry wagtailsearch_indexe_content_type_id_62ed694f_fk_django_co; Type: FK CONSTRAINT; Schema: public; Owner: postgres
--

ALTER TABLE ONLY public.wagtailsearch_indexentry
    ADD CONSTRAINT wagtailsearch_indexe_content_type_id_62ed694f_fk_django_co FOREIGN KEY (content_type_id) REFERENCES public.django_content_type(id) DEFERRABLE INITIALLY DEFERRED;


--
-- Name: wagtailsearch_querydailyhits wagtailsearch_queryd_query_id_2185994b_fk_wagtailse; Type: FK CONSTRAINT; Schema: public; Owner: postgres
--

ALTER TABLE ONLY public.wagtailsearch_querydailyhits
    ADD CONSTRAINT wagtailsearch_queryd_query_id_2185994b_fk_wagtailse FOREIGN KEY (query_id) REFERENCES public.wagtailsearch_query(id) DEFERRABLE INITIALLY DEFERRED;


--
-- Name: wagtailusers_userprofile wagtailusers_userpro_user_id_59c92331_fk_users_cus; Type: FK CONSTRAINT; Schema: public; Owner: postgres
--

ALTER TABLE ONLY public.wagtailusers_userprofile
    ADD CONSTRAINT wagtailusers_userpro_user_id_59c92331_fk_users_cus FOREIGN KEY (user_id) REFERENCES public.users_customuser(id) DEFERRABLE INITIALLY DEFERRED;


--
-- PostgreSQL database dump complete
--

