[{"model": "users.customgroup", "pk": 1, "fields": {"role": 3, "roles": [4, 5, 6, 7, 8]}}, {"model": "users.customgroup", "pk": 2, "fields": {"role": 6, "roles": []}}, {"model": "users.customgroup", "pk": 3, "fields": {"role": 7, "roles": []}}, {"model": "users.customuser", "pk": 1, "fields": {"password": "pbkdf2_sha256$320000$6WAMUWyfuqTXnNqftQIRrc$jt2buZGvgznY98gRXM4IUE5vKTcoeczPM6ylZGbsziA=", "last_login": "2022-06-27T14:44:51.424", "is_superuser": true, "username": "010104321", "first_name": "CHRISTOPHER", "last_name": "MADRILEJO", "email": "papatupher@gmail.com", "is_staff": true, "is_active": true, "date_joined": "2022-06-24T06:27:43.992", "sort_order": null, "institute": 1, "department": 1, "suffix": "321", "role": 4, "metadata": {"batch": {}}, "batch": null, "groups": [4], "user_permissions": []}}, {"model": "users.customuser", "pk": 2, "fields": {"password": "pbkdf2_sha256$320000$ssYOOh7XyBtceJtjzfmycN$Z5CkAeXfmM00cYXASkYBiVmWjuYCx12a3GSk1QDaQcw=", "last_login": "2022-07-06T21:39:20.767", "is_superuser": true, "username": "papa", "first_name": "papa", "last_name": "mo", "email": "papa@gmail.com", "is_staff": true, "is_active": true, "date_joined": "2022-06-25T10:29:30.797", "sort_order": null, "institute": null, "department": null, "suffix": null, "role": 9, "metadata": {"batch": {}}, "batch": null, "groups": [9], "user_permissions": []}}, {"model": "users.customuser", "pk": 3, "fields": {"password": "pbkdf2_sha256$320000$utO9MNf9mDpS1Q9Ki4M1FG$QFRx2pWoWG1no+Eypc3d3wt7Ra6AFJzG0KqzSLy/44I=", "last_login": "2022-07-04T09:59:26.372", "is_superuser": false, "username": "010103354", "first_name": "test institute", "last_name": "head", "email": "test2@gmail.com", "is_staff": false, "is_active": true, "date_joined": "2022-06-25T11:26:51.751", "sort_order": null, "institute": 1, "department": 1, "suffix": "354", "role": 3, "metadata": {"batch": {}}, "batch": null, "groups": [3], "user_permissions": []}}, {"model": "users.customuser", "pk": 4, "fields": {"password": "pbkdf2_sha256$320000$OyDeSucsmTotmVdaLgiSzB$bnoOCWD8LllCzDnZT53wQKOye8amLJxrh41Ri0pSRqI=", "last_login": null, "is_superuser": false, "username": "020103444", "first_name": "sekhar institute", "last_name": "head", "email": "sekhar@gmail.com", "is_staff": false, "is_active": true, "date_joined": "2022-07-04T10:47:04.845", "sort_order": null, "institute": 2, "department": 1, "suffix": "444", "role": 3, "metadata": {"batch": {}}, "batch": null, "groups": [], "user_permissions": []}}, {"model": "users.customuser", "pk": 5, "fields": {"password": "pbkdf2_sha256$320000$QQxkNNpPb9YuiRxQDTztT7$bwEbCrUO0BOOnSz+BpchpCAVzdWw3boe7e5ZD9Wmdqc=", "last_login": "2022-07-04T12:31:50.255", "is_superuser": false, "username": "010106122", "first_name": "exam controller 1", "last_name": "test", "email": "testcontroller@gmail.com", "is_staff": false, "is_active": true, "date_joined": "2022-07-04T11:59:47.653", "sort_order": null, "institute": 1, "department": 1, "suffix": "122", "role": 6, "metadata": {"batch": {}}, "batch": null, "groups": [6], "user_permissions": []}}, {"model": "users.customuser", "pk": 6, "fields": {"password": "pbkdf2_sha256$320000$iX0BUiZK9ZiAN4AGXPPeLw$Lf3AXaYkXU5TsE+BJEI4gvmTD1vvRiseS/y55kd/M4E=", "last_login": "2022-07-04T12:17:18.207", "is_superuser": false, "username": "010107426", "first_name": "first proof of reader", "last_name": "test", "email": "proofreader@gmail.com", "is_staff": false, "is_active": true, "date_joined": "2022-07-04T12:00:45.320", "sort_order": null, "institute": 1, "department": 1, "suffix": "426", "role": 7, "metadata": {"batch": {}}, "batch": null, "groups": [7], "user_permissions": []}}, {"model": "institutes.institute", "pk": 1, "fields": {"sort_order": null, "name": "Sambhik Barman Institute", "custom_id": "01", "code": "EQW", "created_at": "2022-06-24T06:29:30.613", "active": true}}, {"model": "institutes.institute", "pk": 2, "fields": {"sort_order": null, "name": "Sekhar Das Institute", "custom_id": "02", "code": "DAS", "created_at": "2022-06-25T11:22:41.006", "active": true}}, {"model": "institutes.institute", "pk": 3, "fields": {"sort_order": null, "name": "demo institute", "custom_id": "03", "code": "ABC", "created_at": "2022-06-27T14:57:01.016", "active": true}}, {"model": "institutes.institute", "pk": 4, "fields": {"sort_order": null, "name": "demo 2", "custom_id": "04", "code": "AAA", "created_at": "2022-06-27T15:21:42.747", "active": true}}, {"model": "institutes.degree", "pk": 1, "fields": {"sort_order": 0, "institute": 2, "name": "institute 2 degree 1", "custom_id": "01", "code": "KKK", "created_at": "2022-06-25T11:22:41.014", "active": true}}, {"model": "institutes.degree", "pk": 2, "fields": {"sort_order": 1, "institute": 2, "name": "institute 2 degree 2", "custom_id": "02", "code": "DLY", "created_at": "2022-06-25T11:22:41.020", "active": true}}, {"model": "institutes.degree", "pk": 3, "fields": {"sort_order": null, "institute": 4, "name": "demo 2 deg 1", "custom_id": "03", "code": "CZS", "created_at": "2022-06-27T15:28:46.829", "active": true}}, {"model": "institutes.degree", "pk": 4, "fields": {"sort_order": null, "institute": 2, "name": "Test12", "custom_id": "04", "code": "DAS", "created_at": "2022-07-01T17:31:28.630", "active": true}}, {"model": "departments.department", "pk": 1, "fields": {"sort_order": 0, "institute": 1, "name": "institute 1 department 1", "custom_id": "01", "code": "JYU", "created_at": "2022-06-24T06:29:30.623", "active": true}}, {"model": "departments.department", "pk": 2, "fields": {"sort_order": 1, "institute": 1, "name": "institute 1 department 2", "custom_id": "02", "code": "SSD", "created_at": "2022-06-24T06:29:30.627", "active": true}}, {"model": "departments.department", "pk": 3, "fields": {"sort_order": 0, "institute": 2, "name": "institute 2 department 1", "custom_id": "03", "code": "FSD", "created_at": "2022-06-25T11:22:41.028", "active": true}}, {"model": "departments.department", "pk": 4, "fields": {"sort_order": 1, "institute": 2, "name": "institute 2 department 2", "custom_id": "04", "code": "JGH", "created_at": "2022-06-25T11:22:41.031", "active": true}}, {"model": "departments.department", "pk": 7, "fields": {"sort_order": 0, "institute": 3, "name": "demo institue", "custom_id": "07", "code": "TGD", "created_at": "2022-06-27T14:57:01.037", "active": true}}, {"model": "departments.department", "pk": 8, "fields": {"sort_order": 0, "institute": 4, "name": "Physics_001", "custom_id": "08", "code": "BBB", "created_at": "2022-06-27T15:22:25.943", "active": true}}, {"model": "departments.department", "pk": 9, "fields": {"sort_order": 1, "institute": 4, "name": "phy_002", "custom_id": "09", "code": "CCC", "created_at": "2022-06-27T15:22:25.948", "active": true}}, {"model": "custom_dashboard.studentrecords", "pk": 1, "fields": {"sort_order": null, "institute": 1, "created_at": "2022-07-04T12:09:49.193", "assigned_controller": 5, "assigned_pr": 6, "active": true, "name": null, "comment": null, "approve_at": null, "link_document": null, "status": "pending", "data": {"is_lock": false, "document": {}, "prev_status": null}}}, {"model": "custom_dashboard.studentrecords", "pk": 2, "fields": {"sort_order": null, "institute": 1, "created_at": "2022-07-04T12:11:11.408", "assigned_controller": 5, "assigned_pr": 6, "active": true, "name": null, "comment": null, "approve_at": null, "link_document": null, "status": "pending", "data": {"is_lock": false, "document": {}, "prev_status": null}}}, {"model": "home.homepage", "pk": 3, "fields": {}}, {"model": "wagtailusers.userprofile", "pk": 1, "fields": {"user": 1, "submitted_notifications": true, "approved_notifications": true, "rejected_notifications": true, "updated_comments_notifications": true, "preferred_language": "", "current_time_zone": "", "avatar": ""}}, {"model": "wagtailusers.userprofile", "pk": 2, "fields": {"user": 3, "submitted_notifications": true, "approved_notifications": true, "rejected_notifications": true, "updated_comments_notifications": true, "preferred_language": "", "current_time_zone": "", "avatar": ""}}, {"model": "wagtailusers.userprofile", "pk": 3, "fields": {"user": 2, "submitted_notifications": true, "approved_notifications": true, "rejected_notifications": true, "updated_comments_notifications": true, "preferred_language": "", "current_time_zone": "", "avatar": ""}}, {"model": "wagtaildocs.document", "pk": 1, "fields": {"collection": 2, "title": "Revised Quotation Tiktok Merch", "file": "documents/Revised_Quotation_Tiktok_Merch.pdf", "created_at": "2022-06-25T11:45:18.212", "uploaded_by_user": 2, "file_size": 5973744, "file_hash": "f88de1bc79f23f34578ee81dc078c9bc08ee8902"}}, {"model": "wagtaildocs.document", "pk": 2, "fields": {"collection": 1, "title": "ABSCBN -TKJF_CMadrilejo", "file": "documents/ABSCBN_-TKJF_CMadrilejo.xlsx", "created_at": "2022-07-04T12:07:22.986", "uploaded_by_user": 5, "file_size": 124260, "file_hash": "bd1584b745a9dd17ffb565c5e875c69c8e91185e"}}, {"model": "wagtaildocs.document", "pk": 3, "fields": {"collection": 1, "title": "Level-4 Term-II, Exam.-2019", "file": "documents/Level-4_Term-II_Exam.-2019.xlsx", "created_at": "2022-07-04T12:09:42.735", "uploaded_by_user": 5, "file_size": 276496, "file_hash": "e5626ab16ed12e74a8520c1a3f75eac10ff0cfcb"}}, {"model": "wagtaildocs.document", "pk": 4, "fields": {"collection": 1, "title": "Level-3 Term-1 Exam-2018", "file": "documents/Level-3_Term-1_Exam-2018.xlsx", "created_at": "2022-07-04T12:10:18.546", "uploaded_by_user": 5, "file_size": 268052, "file_hash": "2c5a000358e7fe0aa00023aa32562b402ec23a1b"}}, {"model": "wagtailsearch.indexentry", "pk": 1, "fields": {"content_type": 5, "object_id": "1", "title_norm": 0.875, "autocomplete": "'merch':4 'quotation':2 'revised':1 'tiktok':3", "title": "'merch':4A 'quotat':2A 'revis':1A 'tiktok':3A", "body": ""}}, {"model": "wagtailsearch.indexentry", "pk": 4, "fields": {"content_type": 5, "object_id": "2", "title_norm": 1.1666666666666667, "autocomplete": "'abscbn':1 'cmadrilejo':3 'tkjf':2", "title": "'abscbn':1A 'cmadrilejo':3A 'tkjf':2A", "body": ""}}, {"model": "wagtailsearch.indexentry", "pk": 6, "fields": {"content_type": 5, "object_id": "3", "title_norm": 0.6666666666666667, "autocomplete": "'-2019':7 '-4':2 'exam':6 'ii':5 'level':1 'term':4 'term-ii':3", "title": "'-2019':7A '-4':2A 'exam':6A 'ii':5A 'level':1A 'term':4A 'term-ii':3A", "body": ""}}, {"model": "wagtailsearch.indexentry", "pk": 8, "fields": {"content_type": 5, "object_id": "4", "title_norm": 0.8333333333333334, "autocomplete": "'-1':4 '-2018':6 '-3':2 'exam':5 'level':1 'term':3", "title": "'-1':4A '-2018':6A '-3':2A 'exam':5A 'level':1A 'term':3A", "body": ""}}, {"model": "wagtailcore.locale", "pk": 1, "fields": {"language_code": "en"}}, {"model": "wagtailcore.site", "pk": 2, "fields": {"hostname": "localhost", "port": 80, "site_name": "", "root_page": 3, "is_default_site": true}}, {"model": "wagtailcore.modellogentry", "pk": 1, "fields": {"content_type": 9, "label": "Textile Engineering College, Barisal", "action": "wagtail.create", "data": {}, "timestamp": "2022-06-24T06:29:30.631", "uuid": "f8155afd-4654-4713-afaf-543c9cd202f7", "user": 1, "content_changed": false, "deleted": false, "object_id": "1"}}, {"model": "wagtailcore.modellogentry", "pk": 2, "fields": {"content_type": 44, "label": "Institute Head", "action": "wagtail.create", "data": {}, "timestamp": "2022-06-24T06:37:13.989", "uuid": "5a726388-e186-4de6-911c-81330eab379b", "user": 1, "content_changed": false, "deleted": false, "object_id": "3"}}, {"model": "wagtailcore.modellogentry", "pk": 3, "fields": {"content_type": 44, "label": "Department Head", "action": "wagtail.create", "data": {}, "timestamp": "2022-06-24T06:37:24.741", "uuid": "35fbc9c7-42b2-43d6-8714-79321f9fff28", "user": 1, "content_changed": false, "deleted": false, "object_id": "4"}}, {"model": "wagtailcore.modellogentry", "pk": 4, "fields": {"content_type": 44, "label": "Faculty Member", "action": "wagtail.create", "data": {}, "timestamp": "2022-06-24T06:37:40.819", "uuid": "436546e7-010f-4068-8438-957f23430eee", "user": 1, "content_changed": false, "deleted": false, "object_id": "5"}}, {"model": "wagtailcore.modellogentry", "pk": 5, "fields": {"content_type": 44, "label": "Controller of Exam,", "action": "wagtail.create", "data": {}, "timestamp": "2022-06-24T06:37:51.484", "uuid": "2616e0e2-8fce-4173-be40-eb16ca7b0d03", "user": 1, "content_changed": false, "deleted": false, "object_id": "6"}}, {"model": "wagtailcore.modellogentry", "pk": 6, "fields": {"content_type": 44, "label": "Proof Reader of Exam", "action": "wagtail.create", "data": {}, "timestamp": "2022-06-24T06:38:03.281", "uuid": "addc5801-0cf2-46f7-ae02-82218dce9f17", "user": 1, "content_changed": false, "deleted": false, "object_id": "7"}}, {"model": "wagtailcore.modellogentry", "pk": 7, "fields": {"content_type": 44, "label": "Controller of Exam", "action": "wagtail.edit", "data": {}, "timestamp": "2022-06-24T06:38:12.237", "uuid": "2e2bf0ea-7942-4e37-8240-438be09486a7", "user": 1, "content_changed": false, "deleted": false, "object_id": "6"}}, {"model": "wagtailcore.modellogentry", "pk": 8, "fields": {"content_type": 44, "label": "Student", "action": "wagtail.create", "data": {}, "timestamp": "2022-06-24T06:38:24.070", "uuid": "479b1d58-0c66-4868-9673-21625f65aa8b", "user": 1, "content_changed": false, "deleted": false, "object_id": "8"}}, {"model": "wagtailcore.modellogentry", "pk": 9, "fields": {"content_type": 44, "label": "Editors", "action": "wagtail.delete", "data": {}, "timestamp": "2022-06-24T06:38:41.083", "uuid": "47203cd9-7e75-45af-a447-dde50105d95f", "user": 1, "content_changed": false, "deleted": false, "object_id": "2"}}, {"model": "wagtailcore.modellogentry", "pk": 10, "fields": {"content_type": 44, "label": "Moderators", "action": "wagtail.delete", "data": {}, "timestamp": "2022-06-24T06:38:52.020", "uuid": "9be517b1-c43d-4773-a3c7-356dfed635a1", "user": 1, "content_changed": false, "deleted": false, "object_id": "1"}}, {"model": "wagtailcore.modellogentry", "pk": 11, "fields": {"content_type": 44, "label": "Institute Head", "action": "wagtail.edit", "data": {}, "timestamp": "2022-06-24T06:39:45.988", "uuid": "96d796f1-898b-4aa0-b4ad-c1677b825de6", "user": 1, "content_changed": false, "deleted": false, "object_id": "3"}}, {"model": "wagtailcore.modellogentry", "pk": 12, "fields": {"content_type": 8, "label": "010104321", "action": "wagtail.edit", "data": {}, "timestamp": "2022-06-24T06:40:19.133", "uuid": "3ff2d267-1953-4a8a-ba28-8fcbaff4a374", "user": 1, "content_changed": false, "deleted": false, "object_id": "1"}}, {"model": "wagtailcore.modellogentry", "pk": 13, "fields": {"content_type": 8, "label": "010104321", "action": "wagtail.edit", "data": {}, "timestamp": "2022-06-25T09:07:17.719", "uuid": "f5a6ade5-b243-4ec5-a424-37a8b00aed77", "user": 1, "content_changed": false, "deleted": false, "object_id": "1"}}, {"model": "wagtailcore.modellogentry", "pk": 14, "fields": {"content_type": 44, "label": "Institute Head", "action": "wagtail.edit", "data": {}, "timestamp": "2022-06-25T11:19:59.746", "uuid": "6dd2a528-182b-4e54-841d-ec2811a401fc", "user": 2, "content_changed": false, "deleted": false, "object_id": "3"}}, {"model": "wagtailcore.modellogentry", "pk": 15, "fields": {"content_type": 9, "label": "institute 2", "action": "wagtail.create", "data": {}, "timestamp": "2022-06-25T11:22:41.036", "uuid": "9254016e-3713-40cc-aa52-dd9e0d28d3de", "user": 2, "content_changed": false, "deleted": false, "object_id": "2"}}, {"model": "wagtailcore.modellogentry", "pk": 16, "fields": {"content_type": 8, "label": "head test institute", "action": "wagtail.create", "data": {}, "timestamp": "2022-06-25T11:26:52.038", "uuid": "e5f7dbbb-dc89-4dbb-9e69-fb016ce50da4", "user": 2, "content_changed": false, "deleted": false, "object_id": "3"}}, {"model": "wagtailcore.modellogentry", "pk": 17, "fields": {"content_type": 8, "label": "head test institute", "action": "wagtail.edit", "data": {}, "timestamp": "2022-06-25T11:27:55.685", "uuid": "095a35e9-a37b-4bb4-a87b-4260aafe3f83", "user": 2, "content_changed": false, "deleted": false, "object_id": "3"}}, {"model": "wagtailcore.modellogentry", "pk": 18, "fields": {"content_type": 44, "label": "Institute Head", "action": "wagtail.edit", "data": {}, "timestamp": "2022-06-25T11:30:35.073", "uuid": "83b84810-915c-4441-856d-da9b762b66ae", "user": 2, "content_changed": false, "deleted": false, "object_id": "3"}}, {"model": "wagtailcore.modellogentry", "pk": 19, "fields": {"content_type": 8, "label": "head test institute", "action": "wagtail.edit", "data": {}, "timestamp": "2022-06-25T11:31:34.659", "uuid": "9a3ed285-5e54-434d-94ae-7980943281f0", "user": 2, "content_changed": false, "deleted": false, "object_id": "3"}}, {"model": "wagtailcore.modellogentry", "pk": 20, "fields": {"content_type": 25, "label": "institute 1 collection", "action": "wagtail.create", "data": {}, "timestamp": "2022-06-25T11:43:00.232", "uuid": "41500a83-1f93-45da-b5b9-5f223ef70c60", "user": 2, "content_changed": false, "deleted": false, "object_id": "2"}}, {"model": "wagtailcore.modellogentry", "pk": 21, "fields": {"content_type": 9, "label": "Sambhik Barman Institute", "action": "wagtail.edit", "data": {}, "timestamp": "2022-06-27T11:01:54.548", "uuid": "5bd4ebfe-dce5-4190-abf3-3f0b7d3deb31", "user": 2, "content_changed": false, "deleted": false, "object_id": "1"}}, {"model": "wagtailcore.modellogentry", "pk": 22, "fields": {"content_type": 9, "label": "Sekhar Das Institute", "action": "wagtail.edit", "data": {}, "timestamp": "2022-06-27T11:02:35.850", "uuid": "1c4a0672-fce5-40b5-b71a-2e4fa416c421", "user": 2, "content_changed": false, "deleted": false, "object_id": "2"}}, {"model": "wagtailcore.modellogentry", "pk": 23, "fields": {"content_type": 10, "label": "institute 1 department 1", "action": "wagtail.create", "data": {}, "timestamp": "2022-06-27T14:46:14.936", "uuid": "1e43b260-a4ed-4ff0-aafc-8f27c0990250", "user": 1, "content_changed": false, "deleted": false, "object_id": "5"}}, {"model": "wagtailcore.modellogentry", "pk": 24, "fields": {"content_type": 10, "label": "D1", "action": "wagtail.create", "data": {}, "timestamp": "2022-06-27T14:49:18.596", "uuid": "519a3ba9-ad63-42cc-917d-f62b8b6e2f25", "user": 1, "content_changed": false, "deleted": false, "object_id": "6"}}, {"model": "wagtailcore.modellogentry", "pk": 25, "fields": {"content_type": 9, "label": "demo institute", "action": "wagtail.create", "data": {}, "timestamp": "2022-06-27T14:57:01.043", "uuid": "6114d3f9-9304-49a1-9777-4b4f5d6b3fbf", "user": 2, "content_changed": false, "deleted": false, "object_id": "3"}}, {"model": "wagtailcore.modellogentry", "pk": 26, "fields": {"content_type": 9, "label": "demo 2", "action": "wagtail.create", "data": {}, "timestamp": "2022-06-27T15:21:42.761", "uuid": "68eb8d1c-d41f-4750-9d6a-291dca9d9051", "user": 2, "content_changed": false, "deleted": false, "object_id": "4"}}, {"model": "wagtailcore.modellogentry", "pk": 27, "fields": {"content_type": 9, "label": "demo 2", "action": "wagtail.edit", "data": {}, "timestamp": "2022-06-27T15:22:25.952", "uuid": "a26b3a40-4685-462d-9258-f39fbd4859be", "user": 2, "content_changed": false, "deleted": false, "object_id": "4"}}, {"model": "wagtailcore.modellogentry", "pk": 28, "fields": {"content_type": 47, "label": "demo 2 deg 1", "action": "wagtail.create", "data": {}, "timestamp": "2022-06-27T15:28:46.832", "uuid": "6a723e8b-b5dc-4962-bbbf-8beea989463f", "user": 2, "content_changed": false, "deleted": false, "object_id": "3"}}, {"model": "wagtailcore.modellogentry", "pk": 29, "fields": {"content_type": 10, "label": "D1", "action": "wagtail.delete", "data": {}, "timestamp": "2022-06-28T18:37:01.695", "uuid": "087e6ce0-44d6-4329-a638-bdcdcb4e3249", "user": 2, "content_changed": false, "deleted": false, "object_id": "6"}}, {"model": "wagtailcore.modellogentry", "pk": 30, "fields": {"content_type": 10, "label": "institute 1 department 1", "action": "wagtail.delete", "data": {}, "timestamp": "2022-06-28T18:37:06.720", "uuid": "e3fcd7cb-96dc-47c5-8456-3eb780fb26c5", "user": 2, "content_changed": false, "deleted": false, "object_id": "5"}}, {"model": "wagtailcore.modellogentry", "pk": 31, "fields": {"content_type": 44, "label": "Super User", "action": "wagtail.create", "data": {}, "timestamp": "2022-06-30T03:46:14.091", "uuid": "6ea5ebb8-93e3-4dab-b95e-25c2318edee1", "user": 2, "content_changed": false, "deleted": false, "object_id": "9"}}, {"model": "wagtailcore.modellogentry", "pk": 32, "fields": {"content_type": 8, "label": "mo papa", "action": "wagtail.edit", "data": {}, "timestamp": "2022-06-30T03:49:30.516", "uuid": "ec86a0d1-0e2e-4b8a-b442-fef8b3a0a05c", "user": 2, "content_changed": false, "deleted": false, "object_id": "2"}}, {"model": "wagtailcore.modellogentry", "pk": 33, "fields": {"content_type": 47, "label": "Test12", "action": "wagtail.create", "data": {}, "timestamp": "2022-07-01T17:31:28.636", "uuid": "268a9afb-47ec-461e-9dbc-56c976d57fd2", "user": 2, "content_changed": false, "deleted": false, "object_id": "4"}}, {"model": "wagtailcore.modellogentry", "pk": 34, "fields": {"content_type": 44, "label": "Controller of Exam", "action": "wagtail.edit", "data": {}, "timestamp": "2022-07-04T09:56:20.047", "uuid": "2928e0d5-34d7-41cc-beb3-82d619f56f8b", "user": 2, "content_changed": false, "deleted": false, "object_id": "6"}}, {"model": "wagtailcore.modellogentry", "pk": 35, "fields": {"content_type": 44, "label": "Proof Reader of Exam", "action": "wagtail.edit", "data": {}, "timestamp": "2022-07-04T09:57:09.655", "uuid": "ea06f7f1-6a36-45d2-b7bb-c65b46383a4f", "user": 2, "content_changed": false, "deleted": false, "object_id": "7"}}, {"model": "wagtailcore.modellogentry", "pk": 36, "fields": {"content_type": 8, "label": "head test institute", "action": "wagtail.edit", "data": {}, "timestamp": "2022-07-04T09:58:41.139", "uuid": "548be920-e9d4-4df3-8e24-ac1cf4526164", "user": 2, "content_changed": false, "deleted": false, "object_id": "3"}}, {"model": "wagtailcore.modellogentry", "pk": 37, "fields": {"content_type": 44, "label": "Institute Head", "action": "wagtail.edit", "data": {}, "timestamp": "2022-07-04T10:00:17.852", "uuid": "a856b7a0-065f-4440-b566-e97694031f24", "user": 2, "content_changed": false, "deleted": false, "object_id": "3"}}, {"model": "wagtailcore.modellogentry", "pk": 38, "fields": {"content_type": 8, "label": "head sekhar institute", "action": "wagtail.create", "data": {}, "timestamp": "2022-07-04T10:47:05.202", "uuid": "6b460389-0664-4dec-90bd-5f29b4fb5018", "user": 2, "content_changed": false, "deleted": false, "object_id": "4"}}, {"model": "wagtailcore.modellogentry", "pk": 39, "fields": {"content_type": 44, "label": "Institute Head", "action": "wagtail.edit", "data": {}, "timestamp": "2022-07-04T10:47:34.935", "uuid": "a6c10986-f88b-4d8e-80de-b57aba59b786", "user": 2, "content_changed": false, "deleted": false, "object_id": "3"}}, {"model": "wagtailcore.modellogentry", "pk": 40, "fields": {"content_type": 8, "label": "test exam controller 1", "action": "wagtail.create", "data": {}, "timestamp": "2022-07-04T11:59:48.036", "uuid": "d912bf08-3a5c-42d4-a1d7-0bbdcb62f704", "user": 3, "content_changed": false, "deleted": false, "object_id": "5"}}, {"model": "wagtailcore.modellogentry", "pk": 41, "fields": {"content_type": 8, "label": "test first proof of reader", "action": "wagtail.create", "data": {}, "timestamp": "2022-07-04T12:00:45.709", "uuid": "ee46b1cc-f1ac-491a-ae1a-a45717027875", "user": 3, "content_changed": false, "deleted": false, "object_id": "6"}}, {"model": "wagtailcore.modellogentry", "pk": 42, "fields": {"content_type": 44, "label": "Controller of Exam", "action": "wagtail.edit", "data": {}, "timestamp": "2022-07-04T12:02:16.391", "uuid": "fea25270-73ea-4fb5-8d55-7529dac3696b", "user": 3, "content_changed": false, "deleted": false, "object_id": "6"}}, {"model": "wagtailcore.modellogentry", "pk": 43, "fields": {"content_type": 8, "label": "test exam controller 1", "action": "wagtail.edit", "data": {}, "timestamp": "2022-07-04T12:03:26.169", "uuid": "b4ccda76-ff38-42be-a9e6-589b5e5cb0a7", "user": 3, "content_changed": false, "deleted": false, "object_id": "5"}}, {"model": "wagtailcore.modellogentry", "pk": 44, "fields": {"content_type": 50, "label": "Batch Record - 2022-07-04 12:09:49.193400", "action": "wagtail.create", "data": {}, "timestamp": "2022-07-04T12:09:49.212", "uuid": "30915ba6-4cea-496d-a907-0ae7d6ec097c", "user": 5, "content_changed": false, "deleted": false, "object_id": "1"}}, {"model": "wagtailcore.modellogentry", "pk": 45, "fields": {"content_type": 50, "label": "Batch Record - 2022-07-04 12:11:11.408349", "action": "wagtail.create", "data": {}, "timestamp": "2022-07-04T12:11:11.430", "uuid": "80a4aa78-616a-49e3-a1e5-65cfcc911373", "user": 5, "content_changed": false, "deleted": false, "object_id": "2"}}, {"model": "wagtailcore.modellogentry", "pk": 46, "fields": {"content_type": 44, "label": "Proof Reader of Exam", "action": "wagtail.edit", "data": {}, "timestamp": "2022-07-04T12:12:17.256", "uuid": "dc0cd0a8-9deb-4508-989e-f252ad0354df", "user": 2, "content_changed": false, "deleted": false, "object_id": "7"}}, {"model": "wagtailcore.modellogentry", "pk": 47, "fields": {"content_type": 8, "label": "test first proof of reader", "action": "wagtail.edit", "data": {}, "timestamp": "2022-07-04T12:12:30.153", "uuid": "1bf7157e-f4ce-4fad-b9b4-e24b82578568", "user": 2, "content_changed": false, "deleted": false, "object_id": "6"}}, {"model": "wagtailcore.modellogentry", "pk": 48, "fields": {"content_type": 8, "label": "test first proof of reader", "action": "wagtail.edit", "data": {}, "timestamp": "2022-07-04T12:15:21.046", "uuid": "8bd6885c-1b8c-4671-8046-fa70975d4885", "user": 2, "content_changed": false, "deleted": false, "object_id": "6"}}, {"model": "wagtailcore.modellogentry", "pk": 49, "fields": {"content_type": 8, "label": "test first proof of reader", "action": "wagtail.edit", "data": {}, "timestamp": "2022-07-04T12:15:32.923", "uuid": "554a851b-9a66-4ebb-a0e5-f16616659b8b", "user": 2, "content_changed": false, "deleted": false, "object_id": "6"}}, {"model": "wagtailcore.modellogentry", "pk": 50, "fields": {"content_type": 8, "label": "test first proof of reader", "action": "wagtail.edit", "data": {}, "timestamp": "2022-07-04T12:17:07.393", "uuid": "d92fbe41-ad7f-4fcc-ac98-77f866bcabe3", "user": 2, "content_changed": false, "deleted": false, "object_id": "6"}}, {"model": "wagtailcore.collection", "pk": 1, "fields": {"path": "0001", "depth": 1, "numchild": 1, "name": "Root"}}, {"model": "wagtailcore.collection", "pk": 2, "fields": {"path": "00010001", "depth": 2, "numchild": 0, "name": "institute 1 collection"}}, {"model": "wagtailcore.groupcollectionpermission", "pk": 13, "fields": {"group": 6, "collection": 1, "permission": 2}}, {"model": "wagtailcore.groupcollectionpermission", "pk": 14, "fields": {"group": 6, "collection": 1, "permission": 3}}, {"model": "wagtailcore.groupcollectionpermission", "pk": 15, "fields": {"group": 6, "collection": 1, "permission": 92}}, {"model": "wagtailcore.groupcollectionpermission", "pk": 16, "fields": {"group": 6, "collection": 1, "permission": 93}}, {"model": "wagtailcore.groupcollectionpermission", "pk": 17, "fields": {"group": 7, "collection": 1, "permission": 2}}, {"model": "wagtailcore.groupcollectionpermission", "pk": 18, "fields": {"group": 7, "collection": 1, "permission": 3}}, {"model": "wagtailcore.groupcollectionpermission", "pk": 19, "fields": {"group": 7, "collection": 1, "permission": 92}}, {"model": "wagtailcore.groupcollectionpermission", "pk": 20, "fields": {"group": 7, "collection": 1, "permission": 93}}, {"model": "wagtailcore.groupcollectionpermission", "pk": 21, "fields": {"group": 3, "collection": 1, "permission": 2}}, {"model": "wagtailcore.groupcollectionpermission", "pk": 22, "fields": {"group": 3, "collection": 1, "permission": 3}}, {"model": "wagtailcore.groupcollectionpermission", "pk": 23, "fields": {"group": 3, "collection": 1, "permission": 92}}, {"model": "wagtailcore.groupcollectionpermission", "pk": 24, "fields": {"group": 3, "collection": 1, "permission": 93}}, {"model": "wagtailcore.page", "pk": 1, "fields": {"path": "0001", "depth": 1, "numchild": 1, "translation_key": "0a5d3e52-30b8-46c2-ba73-e50821d28af6", "locale": 1, "title": "Root", "draft_title": "Root", "slug": "root", "content_type": 1, "live": true, "has_unpublished_changes": false, "url_path": "/", "owner": null, "seo_title": "", "show_in_menus": false, "search_description": "", "go_live_at": null, "expire_at": null, "expired": false, "locked": false, "locked_at": null, "locked_by": null, "first_published_at": null, "last_published_at": null, "latest_revision_created_at": null, "live_revision": null, "alias_of": null}}, {"model": "wagtailcore.page", "pk": 3, "fields": {"path": "00010001", "depth": 2, "numchild": 0, "translation_key": "58fc9784-ee6b-420e-b14f-2ea44d0e3fb2", "locale": 1, "title": "Home", "draft_title": "Home", "slug": "home", "content_type": 2, "live": true, "has_unpublished_changes": false, "url_path": "/home/", "owner": null, "seo_title": "", "show_in_menus": false, "search_description": "", "go_live_at": null, "expire_at": null, "expired": false, "locked": false, "locked_at": null, "locked_by": null, "first_published_at": null, "last_published_at": null, "latest_revision_created_at": null, "live_revision": null, "alias_of": null}}, {"model": "wagtailcore.workflowpage", "pk": 1, "fields": {"workflow": 1}}, {"model": "wagtailcore.workflowtask", "pk": 1, "fields": {"sort_order": 0, "workflow": 1, "task": 1}}, {"model": "wagtailcore.task", "pk": 1, "fields": {"name": "Moderators approval", "content_type": 4, "active": true}}, {"model": "wagtailcore.workflow", "pk": 1, "fields": {"name": "Moderators approval", "active": true}}, {"model": "wagtailcore.groupapprovaltask", "pk": 1, "fields": {"groups": []}}, {"model": "sessions.session", "pk": "035rppy4v9eex97z3qe9qsio3yq7hgdr", "fields": {"session_data": ".eJxVjMsOwiAQRf-FtSFAIX0s3fsNZIYZLGrAQJtojP-uTbrQ7T3nnpfwsC6zXxtXn0hMQovD74YQrpw3QBfI5yJDyUtNKDdF7rTJUyG-HXf3LzBDm79vFWzfgSWHPBilVYwRwGqLgcZgwoDY8Yh9tEzaakXGGRfJOgc4uI7UFm3cWirZ8-Oe6lNM6v0BsXM_sg:1o4l4y:yU-qxu9EzRRNzX2zAJxBjUZACn6WpOWrLY5GOkmzIa0", "expire_date": "2022-07-08T20:48:40.365"}}, {"model": "sessions.session", "pk": "12arsa9yw0nvou5oaqowhaiydbjr1e34", "fields": {"session_data": ".eJxVjMEOwiAQBf-FsyFlW0rp0bvfQIBdLGrAQJtojP-uJD3o7eXNZF7M2G1dzFapmIhsZsAOv5-z_kqpAbzYdM7c57SW6HhT-E4rP2Wk23F3_wKLrUvLSnTB9aAFUqABpUKvRqsV9EIg6EGE7x4l0RgEKNV30ySsBsQAXZC-RSvVGnMy9LjH8mRz9_4AjCE-7w:1o77Zb:bBy7XhB8Le2ugFAt5qe1izErM0dsjcdjCj1MVHjWgaA", "expire_date": "2022-07-15T09:14:03.269"}}, {"model": "sessions.session", "pk": "186oowfnzdeilmmhsykhq5rdzfs1zns1", "fields": {"session_data": ".eJxVjMEOwiAQBf-FsyFlW0rp0bvfQIBdLGrAQJtojP-uJD3o7eXNZF7M2G1dzFapmIhsZsAOv5-z_kqpAbzYdM7c57SW6HhT-E4rP2Wk23F3_wKLrUvLSnTB9aAFUqABpUKvRqsV9EIg6EGE7x4l0RgEKNV30ySsBsQAXZC-RSvVGnMy9LjH8mRz9_4AjCE-7w:1o97aa:aYn1JFficAzuoWD7hmURrEfkzYIhdy6dYGxwMzQzNt8", "expire_date": "2022-07-20T21:39:20.771"}}, {"model": "sessions.session", "pk": "4elfhh6q7feebwp0r8l87486g94aobqi", "fields": {"session_data": ".eJxVjMsOwiAQRf-FtSFAIX0s3fsNZIYZLGrAQJtojP-uTbrQ7T3nnpfwsC6zXxtXn0hMQovD74YQrpw3QBfI5yJDyUtNKDdF7rTJUyG-HXf3LzBDm79vFWzfgSWHPBilVYwRwGqLgcZgwoDY8Yh9tEzaakXGGRfJOgc4uI7UFm3cWirZ8-Oe6lNM6v0BsXM_sg:1o4ZTa:iqT8JdYemKwmAv_G3EVZdp8uVqQNa9xwKTjTHXShicE", "expire_date": "2022-07-08T08:25:18.080"}}, {"model": "sessions.session", "pk": "70o86ydnawxw0axxmmrm6vy54vxhtq12", "fields": {"session_data": ".eJxVjMEOwiAQBf-FsyFlW0rp0bvfQIBdLGrAQJtojP-uJD3o7eXNZF7M2G1dzFapmIhsZsAOv5-z_kqpAbzYdM7c57SW6HhT-E4rP2Wk23F3_wKLrUvLSnTB9aAFUqABpUKvRqsV9EIg6EGE7x4l0RgEKNV30ySsBsQAXZC-RSvVGnMy9LjH8mRz9_4AjCE-7w:1o77IV:g-zTBaIreNZwoSqVGi98EHY9gHc5QU1t2m5L8-6z81s", "expire_date": "2022-07-15T08:56:23.527"}}, {"model": "sessions.session", "pk": "axyq2y4zefm1nsve9i37ywzlo2zcu19i", "fields": {"session_data": ".eJxVjMEOwiAQBf-FsyFlW0rp0bvfQIBdLGrAQJtojP-uJD3o7eXNZF7M2G1dzFapmIhsZsAOv5-z_kqpAbzYdM7c57SW6HhT-E4rP2Wk23F3_wKLrUvLSnTB9aAFUqABpUKvRqsV9EIg6EGE7x4l0RgEKNV30ySsBsQAXZC-RSvVGnMy9LjH8mRz9_4AjCE-7w:1o5kpA:KgasDuKbYTNGNmEkZcVXKtkckhPlCHWsqoabAU2tfW0", "expire_date": "2022-07-11T14:44:28.375"}}, {"model": "sessions.session", "pk": "c5bx4pqbewlvcr14eomjrrje4ct9ng8s", "fields": {"session_data": ".eJxVjMsOwiAQRf-FtSFAIX0s3fsNZIYZLGrAQJtojP-uTbrQ7T3nnpfwsC6zXxtXn0hMQovD74YQrpw3QBfI5yJDyUtNKDdF7rTJUyG-HXf3LzBDm79vFWzfgSWHPBilVYwRwGqLgcZgwoDY8Yh9tEzaakXGGRfJOgc4uI7UFm3cWirZ8-Oe6lNM6v0BsXM_sg:1o5kMB:YSexlvNKAsvB56j5NF79A63Cl1ro6JMR9E78Qx0Qqsw", "expire_date": "2022-07-11T14:14:31.944"}}, {"model": "sessions.session", "pk": "c5fkjtfzjha9gxjx32lec5hycte4r7w8", "fields": {"session_data": ".eJxVjMsOgjAURP-la9PQQh-XpXu_obltL1I1LaGQaIz_LiQsdDXJzJnzZg7XZXRrpdmlyHqm2Om38xjulPch3jBfCw8lL3PyfEf4sVZ-KZEe54P9E4xYx-0Npmu9iRCazhshQqsBabBdBDWAtEZtKUmClgLQWm-9VoMIWqLQ0muxSyvVmkp29JzS_GJ98_kCYkk-Rg:1o8G5e:oSk3QHuYruYvlpK9LYt9lwE4K00g7JZbK1Fs0fDLoBA", "expire_date": "2022-07-18T12:31:50.259"}}, {"model": "sessions.session", "pk": "fw7gfvu98lcej34ysdca6bwkmb936z5h", "fields": {"session_data": ".eJxVjMEOwiAQBf-FsyFlW0rp0bvfQIBdLGrAQJtojP-uJD3o7eXNZF7M2G1dzFapmIhsZsAOv5-z_kqpAbzYdM7c57SW6HhT-E4rP2Wk23F3_wKLrUvLSnTB9aAFUqABpUKvRqsV9EIg6EGE7x4l0RgEKNV30ySsBsQAXZC-RSvVGnMy9LjH8mRz9_4AjCE-7w:1o6pad:CuR4Frus-SOFl1-MLhDjjdFzo9gmI_1VEYcVIV7IBSk", "expire_date": "2022-07-14T14:01:55.524"}}, {"model": "sessions.session", "pk": "ggoib4i4jjkb1mu8vg3vganuh43khq0s", "fields": {"session_data": ".eJxVjMsOwiAQRf-FtSFAIX0s3fsNZIYZLGrAQJtojP-uTbrQ7T3nnpfwsC6zXxtXn0hMQovD74YQrpw3QBfI5yJDyUtNKDdF7rTJUyG-HXf3LzBDm79vFWzfgSWHPBilVYwRwGqLgcZgwoDY8Yh9tEzaakXGGRfJOgc4uI7UFm3cWirZ8-Oe6lNM6v0BsXM_sg:1o4wbd:B0SwYPa3NBojrnpv-rkk5z6lmruRcHhbdkItmj9bgoI", "expire_date": "2022-07-09T09:07:09.074"}}, {"model": "sessions.session", "pk": "nrjs55d2ilgbftnrknshngu0rmt6f22j", "fields": {"session_data": ".eJxVjMEOwiAQBf-FsyFlW0rp0bvfQIBdLGrAQJtojP-uJD3o7eXNZF7M2G1dzFapmIhsZsAOv5-z_kqpAbzYdM7c57SW6HhT-E4rP2Wk23F3_wKLrUvLSnTB9aAFUqABpUKvRqsV9EIg6EGE7x4l0RgEKNV30ySsBsQAXZC-RSvVGnMy9LjH8mRz9_4AjCE-7w:1o6qn6:V0Vl88msQKKHuIwmiqdMxA8qRnnoW9tafjDeV4aerBE", "expire_date": "2022-07-14T15:18:52.954"}}, {"model": "sessions.session", "pk": "sfm03sgb0zoroknm563zsu4h4aa7peix", "fields": {"session_data": ".eJxVjMEOwiAQBf-FsyFlW0rp0bvfQIBdLGrAQJtojP-uJD3o7eXNZF7M2G1dzFapmIhsZsAOv5-z_kqpAbzYdM7c57SW6HhT-E4rP2Wk23F3_wKLrUvLSnTB9aAFUqABpUKvRqsV9EIg6EGE7x4l0RgEKNV30ySsBsQAXZC-RSvVGnMy9LjH8mRz9_4AjCE-7w:1o7uiX:4srp-uWPuXzK6hXKK7oXWbZ9dRrJDmO2tlH4CKoOicQ", "expire_date": "2022-07-17T13:42:33.642"}}, {"model": "sessions.session", "pk": "t54flbv27mq0n333aiiaguowyp8yxmu0", "fields": {"session_data": ".eJxVjMsOwiAQRf-FtSFAIX0s3fsNZIYZLGrAQJtojP-uTbrQ7T3nnpfwsC6zXxtXn0hMQovD74YQrpw3QBfI5yJDyUtNKDdF7rTJUyG-HXf3LzBDm79vFWzfgSWHPBilVYwRwGqLgcZgwoDY8Yh9tEzaakXGGRfJOgc4uI7UFm3cWirZ8-Oe6lNM6v0BsXM_sg:1o5kpX:nNuzNlhHOoqtnAdj-N5xag0AU74Z1TaGoYzdQaYpyzc", "expire_date": "2022-07-11T14:44:51.429"}}, {"model": "sessions.session", "pk": "u8bdxmxpxfncu5tv2j1xk0g52nql8xtw", "fields": {"session_data": ".eJxVjMEOwiAQBf-FsyFlW0rp0bvfQIBdLGrAQJtojP-uJD3o7eXNZF7M2G1dzFapmIhsZsAOv5-z_kqpAbzYdM7c57SW6HhT-E4rP2Wk23F3_wKLrUvLSnTB9aAFUqABpUKvRqsV9EIg6EGE7x4l0RgEKNV30ySsBsQAXZC-RSvVGnMy9LjH8mRz9_4AjCE-7w:1o8DeQ:6FyDr5_KER3lvWp_OblZbneBf5qN_tOYI3YqcB8Q-RA", "expire_date": "2022-07-18T09:55:34.182"}}, {"model": "sessions.session", "pk": "wy6ygj4gmy6ftmiowt9sdhj7dvwsv2wg", "fields": {"session_data": ".eJxVjMEOwiAQBf-FsyFlW0rp0bvfQIBdLGrAQJtojP-uJD3o7eXNZF7M2G1dzFapmIhsZsAOv5-z_kqpAbzYdM7c57SW6HhT-E4rP2Wk23F3_wKLrUvLSnTB9aAFUqABpUKvRqsV9EIg6EGE7x4l0RgEKNV30ySsBsQAXZC-RSvVGnMy9LjH8mRz9_4AjCE-7w:1o6fdZ:ImCF9QbJOh2ra_S1d19NNqukdStDrwl4ziZPHmMki_4", "expire_date": "2022-07-14T03:24:17.818"}}, {"model": "sessions.session", "pk": "y8mmkwsraukng7upwl6xd7ijgm9ly6hi", "fields": {"session_data": ".eJxVjMEOwiAQBf-FsyFlW0rp0bvfQIBdLGrAQJtojP-uJD3o7eXNZF7M2G1dzFapmIhsZsAOv5-z_kqpAbzYdM7c57SW6HhT-E4rP2Wk23F3_wKLrUvLSnTB9aAFUqABpUKvRqsV9EIg6EGE7x4l0RgEKNV30ySsBsQAXZC-RSvVGnMy9LjH8mRz9_4AjCE-7w:1o4zai:OwQvA5rYSmiNvr1OahgCub8eGjsDo2Tj12-IqtQBmsA", "expire_date": "2022-07-09T12:18:24.042"}}, {"model": "sessions.session", "pk": "zmzgb69ngccgq44y06livhlz9gi03pjx", "fields": {"session_data": ".eJxVjMEOwiAQBf-FsyFlW0rp0bvfQIBdLGrAQJtojP-uJD3o7eXNZF7M2G1dzFapmIhsZsAOv5-z_kqpAbzYdM7c57SW6HhT-E4rP2Wk23F3_wKLrUvLSnTB9aAFUqABpUKvRqsV9EIg6EGE7x4l0RgEKNV30ySsBsQAXZC-RSvVGnMy9LjH8mRz9_4AjCE-7w:1o8G0f:uzNjdOgD-ZRfTpOGTumUx-9zDEuRLuY_gFPoZnqIyyA", "expire_date": "2022-07-18T12:26:41.987"}}, {"model": "sessions.session", "pk": "zx8kby4ke14ceq6oklyqocvkdvjuu7v8", "fields": {"session_data": ".eJxVjMsOwiAQRf-FtSFAIX0s3fsNZIYZLGrAQJtojP-uTbrQ7T3nnpfwsC6zXxtXn0hMQovD74YQrpw3QBfI5yJDyUtNKDdF7rTJUyG-HXf3LzBDm79vFWzfgSWHPBilVYwRwGqLgcZgwoDY8Yh9tEzaakXGGRfJOgc4uI7UFm3cWirZ8-Oe6lNM6v0BsXM_sg:1o4e9k:PMM59uEmpVbQdHEkZB1oJmLYWxjBCHfozce9ik-9tbA", "expire_date": "2022-07-08T13:25:08.201"}}]